TempCli,renda,tot_emprestimo_liquidado,tot_emprestimo_ativo,carteira,tot_parcela_ativa_em_dia,tot_parcela_ativa_atrasada,tot_parcela_pago_em_dia,atraso_min,atraso_mid,atraso_max,class
172,800.00,3,0,0.0000000,0,0,1,2,0,0,Bom
83,510.00,1,0,0.0000000,0,0,23,1,0,0,Bom
126,1790.00,34,1,8144.0500000,17,0,220,96,0,0,Bom
94,3087.50,0,2,19868.4600000,9,0,6,2,0,0,Bom
168,8758.34,20,1,2340.5300000,1,1,44,30,0,0,Bom
155,800.00,1,0,0.0000000,0,0,6,1,0,0,Bom
152,1666.67,1,0,0.0000000,0,0,0,1,0,0,Bom
112,8154.17,23,1,1506.9000000,2,1,102,77,3,4,Bom
10,1705.77,0,1,5567.6900000,23,0,0,1,0,0,Bom
153,800.00,2,0,0.0000000,0,0,0,0,0,0,Ruim
153,800.00,2,0,0.0000000,0,0,1,3,0,0,Bom
166,5375.00,6,3,41224.2400000,8,0,19,5,0,0,Bom
98,1500.00,4,0,0.0000000,0,0,34,32,0,0,Bom
163,1658.33,2,1,4942.3900000,21,0,22,12,0,0,Bom
76,3616.00,2,2,25924.3400000,75,0,67,26,0,0,Bom
166,14499.99,9,3,53843.1400000,46,0,26,8,0,0,Bom
168,3300.00,2,0,0.0000000,0,0,2,1,0,0,Bom
85,2300.00,1,0,0.0000000,0,0,36,0,0,0,Bom
166,1115.00,1,0,0.0000000,0,0,1,0,0,0,Bom
47,1600.00,1,0,0.0000000,0,0,4,30,1,1,Bom
113,7791.66,5,2,0.0100000,1,0,20,5,0,0,Bom
97,4200.00,3,1,1000.7200000,1,0,19,2,0,0,Bom
132,800.00,2,0,0.0000000,0,0,21,57,0,0,Bom
46,1500.00,0,1,6772.2800000,4,0,18,26,0,0,Bom
85,4000.00,5,0,0.0000000,0,0,99,14,0,0,Bom
69,2660.00,2,0,0.0000000,0,0,66,6,0,0,Bom
164,7166.67,5,1,5881.0500000,6,0,18,4,0,0,Bom
77,1980.00,3,0,0.0000000,0,0,59,49,0,0,Bom
63,2916.67,5,0,0.0000000,0,0,2,3,0,0,Bom
63,2916.67,0,1,0.0000000,0,2,0,0,0,0,Bom
125,2500.00,1,0,0.0000000,0,0,10,2,0,0,Bom
23,9522.44,0,1,2069.5100000,38,0,17,5,0,0,Bom
171,1000.00,2,0,0.0000000,0,0,11,2,0,0,Bom
171,1000.00,1,0,0.0000000,0,0,0,0,0,0,Ruim
100,4379.97,1,2,22653.0100000,14,0,20,8,0,0,Bom
100,9977.00,9,1,1511.2600000,1,0,81,17,0,0,Bom
116,546.67,2,0,0.0000000,0,0,15,10,0,0,Bom
116,546.67,0,1,0.0000000,0,29,0,1,2,16,Ruim
109,16200.00,3,1,14027.1900000,18,0,69,10,0,0,Bom
144,3277.38,1,0,0.0000000,0,0,4,1,0,0,Bom
101,4500.00,9,2,17341.0900000,36,0,201,45,0,0,Bom
166,13141.67,5,0,0.0000000,0,0,44,4,0,0,Bom
63,675.00,1,0,0.0000000,0,0,2,0,0,0,Bom
24,1484.20,0,1,8168.4100000,32,0,3,20,0,0,Bom
103,4335.00,8,1,5947.3100000,6,0,172,25,2,3,Bom
164,7632.67,16,3,49052.5500000,31,0,46,34,0,0,Bom
123,4525.00,1,0,0.0000000,0,0,6,0,0,0,Bom
166,800.00,2,0,0.0000000,0,0,0,2,0,0,Bom
166,800.00,1,0,0.0000000,0,0,0,0,0,0,Ruim
170,2000.00,9,0,0.0000000,0,0,80,6,0,0,Bom
68,3788.33,2,0,0.0000000,0,0,35,13,0,0,Bom
168,2204.26,12,2,6047.9900000,3,0,95,6,0,0,Bom
132,800.00,7,0,0.0000000,0,0,68,63,0,0,Bom
132,800.00,1,0,0.0000000,0,0,6,0,0,0,Bom
132,350.00,1,0,0.0000000,0,0,12,60,0,0,Bom
93,0.01,9,0,0.0000000,0,0,80,15,0,0,Bom
143,22233.33,2,0,0.0000000,0,0,31,43,0,0,Bom
111,380.00,1,0,0.0000000,0,0,35,37,0,0,Bom
168,800.00,1,0,0.0000000,0,0,6,0,0,0,Bom
168,800.00,6,0,0.0000000,0,0,15,25,0,0,Bom
93,2731.67,0,1,5880.4500000,6,0,3,1,0,0,Bom
31,7758.33,3,1,10267.2900000,1,0,1,2,0,0,Bom
27,1850.00,0,1,11390.6400000,23,0,22,3,0,0,Bom
150,1500.00,7,0,0.0000000,0,0,45,26,0,0,Bom
171,1000.00,11,2,4859.4500000,12,0,33,12,1,2,Bom
171,1000.00,2,0,0.0000000,0,0,10,21,1,3,Ruim
26,2318.04,0,1,5212.1800000,11,0,8,5,0,0,Bom
60,20702.51,5,4,31082.6300000,13,0,9,10,0,0,Bom
112,2100.00,5,0,0.0000000,0,0,139,7,0,0,Bom
91,350.00,1,0,0.0000000,0,0,1,23,0,0,Bom
6,2110.00,0,1,7576.0500000,31,0,1,4,0,0,Bom
78,6875.00,0,1,0.0000000,0,1,0,0,0,0,Ruim
78,6875.00,2,0,0.0000000,0,0,32,5,0,0,Bom
142,1250.00,7,0,0.0000000,0,0,5,9,0,0,Bom
94,6087.50,6,2,8125.7000000,7,0,3,7,0,0,Bom
95,53357.50,9,8,105492.6500000,97,0,122,18,0,0,Bom
85,1800.00,4,1,5370.8600000,1,0,19,16,0,0,Bom
167,1050.00,5,0,0.0000000,0,0,72,6,0,0,Bom
108,480.00,1,0,0.0000000,0,0,2,8,0,0,Bom
61,900.00,1,0,0.0000000,0,0,3,1,0,0,Bom
4,1700.00,0,2,17572.1200000,60,0,5,1,0,0,Bom
79,1380.00,1,0,0.0000000,0,0,44,4,0,0,Bom
104,415.00,2,0,0.0000000,0,0,1,6,0,0,Bom
164,14333.34,13,1,9866.4600000,8,6,23,24,1,2,Bom
139,11133.33,0,3,20663.2100000,9,0,12,0,0,0,Bom
142,9811.31,30,2,13602.7500000,56,0,223,12,0,0,Bom
132,2633.33,1,0,0.0000000,0,0,4,1,0,0,Bom
145,800.00,3,0,0.0000000,0,0,37,42,1,0,Bom
115,6625.00,15,5,33507.2800000,13,0,21,5,0,0,Bom
156,800.00,2,0,0.0000000,0,0,1,1,0,0,Bom
171,1500.00,8,0,0.0000000,0,0,46,75,0,0,Bom
121,1171.58,8,0,0.0000000,0,0,19,9,0,0,Bom
124,2100.00,1,1,6517.3900000,31,1,49,4,0,0,Bom
128,2050.00,0,1,1250.8900000,1,0,7,0,0,0,Bom
120,2069.17,5,0,0.0000000,0,0,76,12,0,0,Bom
37,11000.00,2,1,5157.7500000,1,0,2,0,0,0,Bom
165,800.00,1,0,0.0000000,0,0,1,0,0,0,Bom
110,1252.11,1,1,68.5100000,2,0,23,11,0,0,Bom
83,800.00,1,0,0.0000000,0,0,24,0,0,0,Bom
166,2900.00,5,0,0.0000000,0,0,37,3,0,0,Bom
92,7516.67,1,0,0.0000000,0,0,4,2,0,0,Bom
124,350.00,3,0,0.0000000,0,0,42,5,0,0,Bom
54,7378.67,5,1,6865.1800000,1,0,5,0,0,0,Bom
166,8333.33,1,0,0.0000000,0,0,1,2,0,0,Ruim
166,8333.33,19,0,0.0000000,0,0,40,42,0,0,Bom
78,2669.29,1,0,0.0000000,0,0,1,0,0,0,Bom
163,800.00,4,0,0.0000000,0,0,10,22,1,0,Bom
163,800.00,1,0,0.0000000,0,0,4,3,0,0,Ruim
6,5005.00,1,0,0.0000000,0,0,0,2,0,0,Bom
11,3238.94,0,1,18468.0800000,50,0,6,4,0,0,Bom
134,2737.00,1,0,0.0000000,0,0,3,1,0,0,Ruim
134,2737.00,12,1,5169.6300000,1,0,46,24,0,0,Bom
106,2500.00,4,1,13167.5300000,54,0,116,10,0,0,Bom
23,3195.10,0,1,639.0700000,14,0,13,9,0,0,Bom
144,2835.00,3,0,0.0000000,0,0,2,3,0,0,Bom
104,3418.50,9,0,0.0000000,0,0,49,21,0,0,Bom
133,1300.00,3,0,0.0000000,0,0,49,19,0,0,Bom
166,800.00,1,0,0.0000000,0,0,1,0,0,0,Bom
95,465.00,3,0,0.0000000,0,0,3,4,0,0,Bom
23,6113.25,0,1,413.0600000,3,0,14,7,0,0,Bom
130,17083.33,0,1,53565.1300000,5,0,5,0,0,0,Bom
98,5333.33,6,1,0.0000000,0,0,2,15,0,0,Bom
9,3947.63,0,1,9475.9100000,31,1,0,5,0,0,Bom
120,12127.50,1,0,0.0000000,0,0,3,3,0,0,Bom
166,6666.67,2,0,0.0000000,0,0,2,0,0,0,Bom
49,1200.00,2,0,0.0000000,0,0,60,12,0,0,Bom
136,3500.00,3,0,0.0000000,0,0,80,20,9,5,Bom
84,833.33,1,0,0.0000000,0,0,10,13,1,0,Bom
152,3999.17,11,4,22098.0200000,17,7,107,58,3,4,Bom
18,2850.00,0,1,2486.2800000,13,1,0,2,0,0,Bom
165,800.00,2,0,0.0000000,0,0,12,1,0,0,Bom
166,5678.33,7,5,33430.6800000,15,0,48,9,0,0,Bom
165,1.00,2,0,0.0000000,0,0,0,1,0,1,Bom
165,1.00,2,0,0.0000000,0,0,0,0,0,0,Ruim
39,4850.56,1,0,0.0000000,0,0,14,22,0,0,Bom
51,1100.00,1,0,0.0000000,0,0,45,3,0,0,Bom
120,46060.00,12,3,22512.1300000,2,0,63,28,0,0,Bom
111,5000.00,11,0,0.0000000,0,0,11,33,0,0,Bom
92,0.01,1,1,925.5000000,4,0,52,4,0,0,Bom
92,0.01,0,1,0.0000000,0,1,0,0,0,0,Ruim
161,800.00,5,0,0.0000000,0,0,3,2,0,0,Bom
161,800.00,1,0,0.0000000,0,0,1,2,0,0,Ruim
116,380.00,1,0,0.0000000,0,0,0,2,0,0,Bom
151,800.00,1,0,0.0000000,0,0,1,0,0,0,Bom
98,1129.07,1,0,0.0000000,0,0,66,6,0,0,Bom
138,800.00,1,0,0.0000000,0,0,0,5,0,0,Bom
125,1666.67,2,0,0.0000000,0,0,9,2,0,0,Bom
139,800.00,1,0,0.0000000,0,0,16,4,0,0,Bom
138,2150.00,4,0,0.0000000,0,0,89,0,0,0,Bom
129,3500.00,2,0,0.0000000,0,0,2,0,0,0,Bom
66,4000.00,1,0,0.0000000,0,0,26,9,0,0,Bom
151,1560.00,13,2,17067.4700000,4,0,88,31,0,0,Bom
152,2193.55,4,0,0.0000000,0,0,57,4,0,0,Bom
49,2000.00,2,1,15461.4400000,40,0,23,7,0,0,Bom
121,3966.66,1,1,8006.6000000,4,0,10,2,0,0,Bom
23,4629.79,1,0,0.0000000,0,0,9,3,0,0,Bom
105,415.00,1,0,0.0000000,0,0,22,14,0,0,Bom
96,580.00,1,0,0.0000000,0,0,4,4,0,0,Bom
78,622.00,1,0,0.0000000,0,0,18,6,0,0,Bom
100,4800.00,0,2,5486.4300000,6,0,5,3,0,0,Bom
22,6758.33,2,3,15411.6200000,80,3,15,28,0,0,Bom
98,465.00,1,0,0.0000000,0,0,6,18,0,0,Bom
36,1900.00,2,0,0.0000000,0,0,17,5,0,0,Bom
13,4950.00,3,1,32645.8900000,1,0,0,5,0,0,Bom
145,800.00,1,0,0.0000000,0,0,1,0,0,0,Bom
58,2500.00,2,1,13768.0200000,28,0,61,7,0,0,Bom
54,1430.00,1,1,12001.9600000,26,0,43,15,0,0,Bom
61,622.00,1,0,0.0000000,0,0,15,3,0,0,Bom
51,1250.00,1,0,0.0000000,0,0,1,0,0,0,Bom
143,6880.00,1,1,2251.6100000,1,0,11,1,0,0,Bom
66,4796.00,0,1,3650.2200000,5,0,2,0,0,0,Bom
164,4703.67,4,2,14024.9700000,1,0,10,0,0,0,Bom
89,10307.83,0,1,2251.6100000,1,0,6,1,0,0,Bom
88,2500.00,1,0,0.0000000,0,0,2,34,0,0,Bom
164,800.00,2,0,0.0000000,0,0,0,3,0,0,Bom
132,1976.74,8,1,91.1100000,2,0,107,12,0,0,Bom
144,800.00,1,0,0.0000000,0,0,4,10,0,0,Bom
113,3750.00,12,3,19856.9200000,10,0,24,3,0,0,Bom
152,1583.33,6,0,0.0000000,0,0,7,6,0,0,Bom
152,1583.33,1,0,0.0000000,0,0,3,1,0,0,Ruim
123,1129.51,36,0,0.0000000,0,0,70,64,6,4,Bom
123,1129.51,2,0,0.0000000,0,0,4,9,0,0,Ruim
47,4270.00,1,0,0.0000000,0,0,5,5,0,0,Bom
108,415.00,2,0,0.0000000,0,0,70,14,0,0,Bom
52,1250.00,1,0,0.0000000,0,0,5,19,0,0,Bom
105,5133.33,1,0,0.0000000,0,0,35,1,0,0,Bom
115,380.00,1,0,0.0000000,0,0,2,2,1,0,Bom
82,6745.84,1,0,0.0000000,0,0,23,1,0,0,Bom
104,666.67,4,0,0.0000000,0,0,6,0,0,0,Bom
81,2626.67,1,0,0.0000000,0,0,29,7,0,0,Bom
116,10749.99,0,1,21371.7300000,7,0,0,3,0,0,Bom
113,2000.00,1,0,0.0000000,0,0,0,1,0,0,Bom
116,1839.92,2,1,9473.9900000,1,0,2,0,0,0,Bom
106,415.00,2,0,0.0000000,0,0,0,6,0,1,Bom
128,1300.00,1,0,0.0000000,0,0,4,0,0,0,Bom
55,3616.67,0,2,6194.3500000,7,0,5,3,0,0,Bom
81,933.33,2,0,0.0000000,0,0,52,8,0,0,Bom
116,2200.50,6,0,0.0000000,0,0,13,5,1,2,Bom
116,2200.50,1,0,0.0000000,0,0,0,2,0,2,Ruim
83,800.00,2,0,0.0000000,0,0,28,7,0,0,Bom
128,1650.00,4,0,0.0000000,0,0,11,58,0,0,Bom
56,833.33,1,0,0.0000000,0,0,48,0,0,0,Bom
108,2300.00,4,0,0.0000000,0,0,24,19,1,4,Ruim
133,2600.00,3,3,33870.7100000,34,0,66,23,0,0,Bom
109,380.00,1,0,0.0000000,0,0,72,0,0,0,Bom
107,1622.67,2,0,0.0000000,0,0,26,1,0,0,Bom
85,625.00,2,0,0.0000000,0,0,36,36,0,0,Bom
95,15041.67,5,1,49463.6800000,1,0,14,3,0,0,Bom
106,750.00,1,0,0.0000000,0,0,14,19,1,2,Bom
94,14431.67,1,1,0.0000000,1,0,17,7,0,0,Bom
39,2300.00,1,1,3376.8200000,28,0,16,16,0,0,Bom
30,29307.83,0,3,15960.6200000,32,1,4,18,0,0,Bom
83,10000.00,12,0,0.0000000,0,0,46,46,0,1,Bom
71,937.00,3,0,0.0000000,0,0,44,4,0,0,Bom
18,2714.00,0,1,30379.6900000,19,0,17,0,0,0,Bom
93,3530.00,0,2,40591.1000000,6,0,7,5,0,0,Bom
94,2650.00,17,4,15011.0200000,42,0,150,28,0,0,Bom
116,5095.00,5,5,26189.6700000,58,0,107,36,0,0,Bom
83,1890.00,6,0,0.0000000,0,0,61,38,0,0,Bom
83,8166.66,6,1,16423.1500000,1,0,6,0,0,0,Bom
85,7900.00,2,2,11491.1200000,6,0,88,4,0,0,Bom
66,3008.33,3,0,0.0000000,0,0,47,2,0,0,Bom
106,1753.33,2,1,4450.1100000,4,0,5,2,0,0,Bom
74,767.00,2,0,0.0000000,0,0,32,28,0,0,Bom
106,415.00,2,0,0.0000000,0,0,11,13,0,0,Bom
55,2462.50,1,1,5896.1300000,6,0,3,5,0,0,Bom
23,8470.84,0,1,16936.6200000,1,0,0,0,0,0,Bom
96,465.00,2,0,0.0000000,0,0,24,24,0,0,Bom
33,1500.00,1,0,0.0000000,0,0,23,1,0,0,Bom
115,3062.50,1,2,16768.6300000,7,0,68,14,0,0,Bom
87,1376.00,4,2,13572.4300000,63,0,133,20,0,0,Bom
88,1870.96,3,0,0.0000000,0,0,54,18,0,0,Bom
81,510.00,1,0,0.0000000,0,0,29,1,0,0,Bom
108,833.33,2,0,0.0000000,0,0,12,72,0,0,Bom
14,1411.82,0,1,9770.8900000,35,0,10,3,0,0,Bom
83,2505.29,10,4,22612.7900000,97,0,198,9,0,0,Bom
22,1180.00,0,1,2802.2200000,14,0,7,13,2,0,Bom
37,750.00,1,0,0.0000000,0,0,5,0,0,0,Bom
58,2300.00,1,0,0.0000000,0,0,21,15,0,0,Bom
55,8375.00,4,0,0.0000000,0,0,48,2,0,0,Bom
89,3750.00,2,0,0.0000000,0,0,14,23,0,0,Bom
155,800.00,1,0,0.0000000,0,0,30,1,0,0,Bom
49,2258.14,1,1,7226.3000000,13,1,2,15,0,0,Bom
49,6029.17,4,1,1101.7900000,3,0,16,21,0,0,Bom
69,1300.00,1,1,1294.0400000,6,0,14,52,0,0,Bom
121,800.00,1,0,0.0000000,0,0,3,3,0,0,Bom
96,13440.00,17,4,100700.7400000,62,0,29,6,0,0,Bom
51,9500.00,0,2,24037.3700000,17,1,25,6,0,0,Bom
51,1800.00,2,1,1972.1100000,5,0,41,50,0,0,Bom
32,724.00,1,0,0.0000000,0,0,0,14,1,0,Bom
121,916.67,5,0,0.0000000,0,0,7,3,0,0,Bom
51,688.00,1,0,0.0000000,0,0,33,15,0,0,Bom
99,415.00,1,0,0.0000000,0,0,4,3,0,0,Bom
75,750.00,1,0,0.0000000,0,0,11,13,0,0,Bom
82,1504.67,2,0,0.0000000,0,0,1,1,0,0,Bom
163,800.00,11,0,0.0000000,0,0,11,1,0,0,Bom
88,1462.50,2,0,0.0000000,0,0,20,4,0,0,Bom
39,2400.00,3,0,0.0000000,0,0,12,31,0,0,Bom
78,4166.67,2,0,0.0000000,0,0,21,39,0,0,Bom
55,6147.50,5,0,0.0000000,0,0,31,22,4,0,Bom
19,3000.00,1,1,3702.3500000,6,0,53,13,0,0,Bom
27,1250.00,0,2,7238.1300000,32,0,25,15,0,0,Bom
93,28458.34,14,3,29075.0500000,10,0,24,5,0,0,Bom
1,2070.00,0,1,6495.6900000,35,0,1,0,0,0,Bom
82,510.00,1,0,0.0000000,0,0,23,1,0,0,Bom
182,683.33,4,0,0.0000000,0,0,2,1,0,1,Ruim
182,683.33,0,1,0.0000000,0,2,0,0,0,0,Bom
182,683.33,17,0,0.0000000,0,0,20,37,0,0,Bom
113,13916.67,3,0,0.0000000,0,0,7,1,0,0,Bom
30,3510.00,2,3,48172.8000000,89,0,91,12,0,0,Bom
66,1800.00,4,0,0.0000000,0,0,54,13,0,0,Bom
76,3606.04,2,2,325.9900000,1,0,5,2,0,0,Bom
112,5934.00,6,3,15126.1700000,7,0,70,15,0,0,Bom
121,5774.67,11,1,4264.9700000,7,0,88,36,1,0,Bom
51,4510.00,1,0,0.0000000,0,0,6,31,3,7,Ruim
81,916.67,1,0,0.0000000,0,0,11,13,2,3,Ruim
88,4600.00,8,0,0.0000000,0,0,33,2,0,0,Bom
76,6633.34,1,1,16223.3400000,1,0,1,0,0,0,Bom
72,608.33,2,0,0.0000000,0,0,11,3,1,3,Bom
88,381.25,4,0,0.0000000,0,0,92,22,2,4,Bom
21,2472.73,0,1,39093.6300000,41,0,18,1,0,0,Bom
32,1600.00,0,1,29654.7900000,24,0,16,8,0,0,Bom
111,1620.00,2,0,0.0000000,0,0,99,9,0,0,Bom
69,6182.97,1,1,433.7000000,2,0,36,3,0,0,Bom
109,1759.43,1,0,0.0000000,0,0,24,12,0,0,Bom
25,1050.00,0,1,3664.5500000,12,0,16,8,0,0,Bom
20,19166.84,1,2,22869.6000000,2,0,0,1,0,0,Bom
63,3400.00,4,0,0.0000000,0,0,2,2,0,0,Bom
44,14596.67,7,4,44639.2500000,15,0,10,4,0,0,Bom
59,1171.75,3,1,10905.2000000,26,0,70,36,0,0,Bom
63,4465.00,0,1,3609.8500000,3,0,3,0,0,0,Bom
18,1610.00,1,0,0.0000000,0,0,20,0,0,0,Bom
10,18750.00,2,0,0.0000000,0,0,0,9,0,0,Bom
71,1000.00,1,0,0.0000000,0,0,24,0,0,0,Bom
116,5083.33,1,1,929.7300000,2,0,73,4,0,0,Bom
76,2200.00,10,1,3502.8900000,2,0,21,27,3,0,Bom
42,2729.17,0,1,5721.5600000,4,0,1,2,0,0,Bom
95,465.00,2,0,0.0000000,0,0,22,14,0,0,Bom
55,1150.00,1,0,0.0000000,0,0,24,0,0,0,Bom
56,2000.00,2,0,0.0000000,0,0,46,14,0,0,Bom
91,670.83,1,0,0.0000000,0,0,8,0,0,0,Bom
106,415.00,1,0,0.0000000,0,0,36,0,0,0,Bom
42,7207.83,1,2,21707.7800000,8,0,4,0,0,0,Bom
88,2566.67,3,4,17478.7200000,10,0,11,6,0,0,Bom
7,2071.27,0,1,9402.4400000,33,0,2,1,0,0,Bom
33,16410.00,4,2,24757.2300000,63,0,22,3,0,0,Bom
24,3780.65,1,0,0.0000000,0,0,11,5,0,0,Bom
31,7600.00,2,1,5073.7200000,1,0,1,1,0,0,Bom
30,1247.92,1,0,0.0000000,0,0,9,3,0,0,Bom
79,3746.67,1,0,0.0000000,0,0,2,0,0,0,Bom
96,800.00,1,0,0.0000000,0,0,1,0,0,0,Bom
55,1050.00,1,0,0.0000000,0,0,46,2,0,0,Bom
116,2945.83,4,1,6603.0600000,3,0,5,3,0,0,Bom
23,8500.00,1,0,0.0000000,0,0,9,1,0,0,Bom
96,3300.00,1,0,0.0000000,0,0,0,1,0,0,Bom
82,622.00,1,0,0.0000000,0,0,0,0,0,0,Ruim
82,622.00,3,0,0.0000000,0,0,1,2,0,0,Bom
104,525.00,6,0,0.0000000,0,0,110,0,0,0,Bom
39,1563.45,0,1,91.4900000,2,0,21,1,0,0,Bom
47,1000.00,1,0,0.0000000,0,0,33,3,0,0,Bom
155,1166.67,8,0,0.0000000,0,0,7,2,0,1,Bom
155,1166.67,0,1,0.0000000,0,2,2,1,0,1,Bom
155,1166.67,1,0,0.0000000,0,0,2,6,2,6,Ruim
111,1000.00,1,0,0.0000000,0,0,0,4,0,0,Bom
23,4663.10,0,1,183.0300000,2,0,11,11,0,0,Bom
64,1100.00,1,0,0.0000000,0,0,25,22,1,0,Bom
69,1500.00,0,1,22044.4200000,56,0,4,0,0,0,Bom
108,724.00,1,0,0.0000000,0,0,27,9,0,0,Bom
100,3833.33,0,1,4579.5100000,17,0,2,5,0,0,Bom
9,1317.76,0,1,2407.8400000,8,0,9,1,0,0,Bom
161,9142.17,11,0,0.0000000,0,0,16,5,0,0,Bom
106,20937.00,91,5,68777.3900000,32,2,199,206,0,0,Bom
163,800.00,2,0,0.0000000,0,0,1,1,0,0,Bom
17,1065.00,0,2,9771.0000000,44,0,6,10,0,0,Bom
51,4800.00,0,2,15414.2700000,38,1,5,6,0,0,Bom
64,1750.00,0,1,7749.7300000,26,0,3,7,0,0,Bom
8,1676.00,0,1,4500.6700000,29,0,3,4,0,0,Bom
66,5850.00,3,1,2459.5200000,2,0,7,1,0,0,Bom
111,1700.00,4,0,0.0000000,0,0,124,43,0,0,Bom
156,1561.83,11,0,0.0000000,0,0,15,30,0,0,Bom
16,1561.83,0,1,16242.9000000,33,0,13,2,0,0,Bom
105,415.00,3,0,0.0000000,0,0,3,0,0,0,Bom
93,1400.00,5,1,15827.3100000,52,0,56,21,0,0,Bom
24,5779.98,0,2,25136.9900000,9,0,13,9,0,0,Bom
114,2986.67,11,4,8788.6200000,15,1,60,22,1,0,Bom
29,12442.00,1,2,17502.1200000,55,0,10,25,0,0,Bom
175,1748.00,7,0,0.0000000,0,0,3,6,0,0,Bom
33,5941.45,1,1,22581.8600000,58,0,49,1,0,0,Bom
165,843.00,3,0,0.0000000,0,0,1,2,0,0,Bom
58,11250.00,0,1,4516.9500000,4,0,3,1,0,0,Bom
22,2447.75,0,2,9585.0200000,60,0,20,20,0,0,Bom
26,1803.06,0,2,3960.4700000,36,0,14,10,0,0,Bom
171,788.00,5,0,0.0000000,0,0,60,19,0,0,Bom
61,1300.00,1,0,0.0000000,0,0,7,5,0,0,Bom
85,0.01,2,0,0.0000000,0,0,14,8,0,0,Bom
123,800.00,2,0,0.0000000,0,0,19,0,0,0,Bom
85,2745.83,1,0,0.0000000,0,0,3,5,0,0,Bom
96,1500.00,1,0,0.0000000,0,0,6,18,0,0,Bom
81,800.00,1,0,0.0000000,0,0,1,0,0,0,Bom
40,2896.00,0,2,8025.9000000,22,4,13,43,6,0,Bom
168,12493.67,0,1,15462.6600000,5,0,4,1,0,0,Bom
111,1200.00,1,0,0.0000000,0,0,21,51,0,0,Bom
108,1245.00,3,0,0.0000000,0,0,60,12,0,0,Bom
23,2864.92,0,1,137.8500000,2,0,20,2,0,0,Bom
95,9357.00,0,1,12000.0000000,6,0,2,2,0,0,Bom
23,1889.85,1,0,0.0000000,0,0,8,4,0,0,Bom
23,5507.44,1,0,0.0000000,0,0,22,2,0,0,Bom
52,9244.00,0,2,80204.9400000,7,0,1,7,0,0,Bom
164,9231.83,20,3,6421.2900000,11,0,113,72,10,6,Bom
112,480.00,5,0,0.0000000,0,0,42,64,0,0,Bom
111,2500.00,3,0,0.0000000,0,0,66,37,0,0,Bom
68,1199.00,1,0,0.0000000,0,0,18,0,0,0,Bom
117,13200.00,3,2,3441.1000000,6,0,11,5,0,0,Bom
99,450.00,1,0,0.0000000,0,0,17,1,0,0,Bom
93,4166.47,3,1,10457.9000000,24,1,12,26,0,0,Bom
107,415.00,4,0,0.0000000,0,0,48,16,0,0,Bom
25,2446.33,0,1,0.0000000,0,0,1,0,0,0,Bom
8,1475.00,0,1,2516.6000000,23,0,1,0,0,0,Bom
52,1295.36,1,0,0.0000000,0,0,5,18,0,1,Bom
88,5000.00,1,0,0.0000000,0,0,0,1,0,1,Ruim
88,5000.00,10,0,0.0000000,0,0,10,1,0,0,Bom
76,4964.17,3,2,8523.6300000,8,0,11,6,0,0,Bom
34,1600.00,0,1,694.4600000,2,0,19,15,0,0,Bom
93,4550.00,6,4,11633.0300000,27,0,76,66,0,0,Bom
104,1855.00,0,1,141.6000000,1,0,2,2,0,0,Bom
23,3478.00,0,1,887.0500000,26,0,15,7,0,0,Bom
82,2937.00,8,2,22048.5600000,10,1,37,11,0,0,Bom
100,415.00,1,0,0.0000000,0,0,3,21,0,0,Bom
81,510.00,2,0,0.0000000,0,0,29,9,0,0,Bom
42,1120.00,2,0,0.0000000,0,0,20,2,0,0,Bom
23,2514.83,0,1,8004.8000000,24,0,0,0,0,0,Bom
13,2000.00,0,1,45093.0400000,50,0,7,3,0,0,Bom
66,2918.41,1,0,0.0000000,0,0,30,0,0,0,Bom
24,1232.00,1,0,0.0000000,0,0,24,0,0,0,Bom
21,1200.00,0,1,670.4100000,3,0,10,11,0,0,Bom
46,4400.00,0,1,7509.7900000,1,0,0,0,0,0,Bom
58,1442.52,1,1,360.4700000,2,0,51,7,0,0,Bom
59,1600.00,1,0,0.0000000,0,0,24,12,0,0,Bom
0,2187.00,0,0,24015.0000000,60,0,0,0,0,0,Bom
49,2070.00,1,0,0.0000000,0,0,16,20,0,0,Bom
27,2000.00,0,1,1637.6800000,3,0,5,10,0,0,Bom
112,937.00,1,0,0.0000000,0,0,72,0,0,0,Bom
36,1080.20,1,1,2508.4700000,9,0,33,10,0,0,Bom
94,3632.50,2,1,15188.4800000,5,0,4,3,0,0,Bom
47,2875.00,0,1,10944.8100000,20,0,2,2,0,0,Bom
22,1404.60,0,2,3885.2800000,46,0,2,0,0,0,Bom
161,800.00,2,0,0.0000000,0,0,77,2,0,0,Bom
96,465.00,1,0,0.0000000,0,0,11,1,0,0,Bom
106,833.33,1,0,0.0000000,0,0,46,2,0,0,Bom
171,1000.00,9,0,0.0000000,0,0,10,13,0,0,Bom
28,2277.00,2,1,5375.9200000,1,0,1,1,0,0,Bom
106,1744.00,1,0,0.0000000,0,0,31,5,0,0,Bom
182,800.00,1,0,0.0000000,0,0,60,12,0,0,Bom
121,2340.00,1,0,0.0000000,0,0,5,1,0,0,Bom
111,937.00,1,0,0.0000000,0,0,71,1,0,0,Bom
116,480.00,10,0,0.0000000,0,0,21,31,2,3,Bom
52,3246.67,0,1,6521.4700000,1,0,0,0,0,0,Bom
159,800.00,1,0,0.0000000,0,0,70,2,0,0,Bom
164,800.00,2,0,0.0000000,0,0,0,2,0,0,Bom
156,800.00,2,0,0.0000000,0,0,5,1,0,0,Bom
98,10954.17,5,0,0.0000000,0,0,6,3,0,0,Bom
112,380.00,1,0,0.0000000,0,0,28,44,0,0,Bom
115,0.01,2,0,0.0000000,0,0,7,4,0,0,Bom
161,11123.67,8,1,10508.6700000,1,0,76,3,0,0,Bom
135,800.00,1,0,0.0000000,0,0,60,12,0,0,Bom
106,415.00,1,0,0.0000000,0,0,35,13,0,0,Bom
155,833.33,1,0,0.0000000,0,0,7,0,0,0,Bom
94,6033.33,2,0,0.0000000,0,0,2,0,0,0,Bom
119,675.00,4,0,0.0000000,0,0,88,31,0,0,Bom
105,415.00,1,0,0.0000000,0,0,0,3,1,1,Bom
172,2087.00,3,1,5206.1100000,5,0,46,7,0,0,Bom
105,2936.00,1,0,0.0000000,0,0,32,4,0,0,Bom
60,5962.00,2,0,0.0000000,0,0,1,1,0,0,Bom
94,7759.17,0,2,26833.8600000,7,0,4,0,0,0,Bom
119,1865.67,1,0,0.0000000,0,0,0,2,0,0,Bom
109,2041.00,1,0,0.0000000,0,0,1,2,0,0,Bom
76,1686.67,1,1,5004.1300000,2,0,6,5,0,0,Bom
130,4153.67,1,0,0.0000000,0,0,1,4,0,0,Bom
161,800.00,2,0,0.0000000,0,0,69,4,0,0,Bom
61,5880.00,2,1,3353.6600000,3,0,10,21,0,0,Bom
156,666.67,2,0,0.0000000,0,0,7,12,0,0,Bom
164,800.00,1,0,0.0000000,0,0,1,0,0,0,Bom
88,2500.00,3,0,0.0000000,0,0,65,7,0,0,Bom
156,4296.66,9,2,26378.7700000,13,0,21,1,0,0,Bom
136,2060.00,3,0,0.0000000,0,0,68,16,0,0,Bom
94,788.00,0,1,4786.4700000,6,0,3,1,0,0,Bom
119,622.00,2,0,0.0000000,0,0,63,10,0,0,Bom
139,800.00,3,0,0.0000000,0,0,45,15,0,0,Bom
182,1000.00,5,0,0.0000000,0,0,36,4,0,0,Bom
143,2491.33,1,0,0.0000000,0,0,5,0,0,0,Bom
119,800.00,1,0,0.0000000,0,0,70,2,0,0,Bom
164,3998.67,1,0,0.0000000,0,0,5,1,0,0,Bom
115,17237.00,11,4,31539.6300000,13,0,164,5,0,0,Bom
17,1051.00,0,1,5559.7300000,24,0,14,2,0,0,Bom
161,2011.67,0,1,5872.0500000,6,0,3,1,0,0,Bom
176,0.01,3,0,0.0000000,0,0,13,1,0,0,Bom
169,1000.00,3,0,0.0000000,0,0,2,2,1,0,Bom
99,880.00,3,0,0.0000000,0,0,8,6,0,0,Bom
169,0.01,3,0,0.0000000,0,0,26,3,0,0,Bom
132,800.00,1,0,0.0000000,0,0,4,20,0,0,Bom
55,11155.00,0,3,24423.4700000,8,0,5,3,0,0,Bom
165,750.00,1,0,0.0000000,0,0,0,1,0,0,Bom
13,937.00,0,1,481.5200000,11,0,1,0,0,0,Bom
153,2250.00,7,1,5910.5700000,6,0,26,3,0,0,Bom
134,800.00,1,0,0.0000000,0,0,64,8,0,0,Bom
105,3147.00,10,0,0.0000000,0,0,104,5,0,0,Bom
103,1274.00,0,1,5913.5900000,6,0,3,1,0,0,Bom
97,465.00,0,1,14105.0200000,7,0,3,0,0,0,Bom
105,3000.00,1,0,0.0000000,0,0,4,0,0,0,Bom
144,800.00,1,0,0.0000000,0,0,66,6,0,0,Bom
167,800.00,14,0,0.0000000,0,0,15,22,0,0,Bom
98,675.00,1,0,0.0000000,0,0,23,1,0,0,Bom
144,1457.83,6,3,12996.5400000,10,0,87,47,0,0,Bom
156,800.00,1,0,0.0000000,0,0,6,0,0,0,Bom
162,800.00,3,0,0.0000000,0,0,3,1,0,0,Bom
162,880.00,2,0,0.0000000,0,0,6,3,0,0,Bom
144,800.00,2,0,0.0000000,0,0,5,2,0,0,Bom
113,380.00,1,0,0.0000000,0,0,0,1,0,0,Bom
55,8366.67,2,1,20147.8200000,1,0,2,0,0,0,Bom
120,800.00,1,0,0.0000000,0,0,3,3,0,0,Bom
135,8471.67,1,0,0.0000000,0,0,47,25,0,0,Bom
105,415.00,1,0,0.0000000,0,0,0,2,0,0,Ruim
105,415.00,3,0,0.0000000,0,0,2,1,0,0,Bom
40,1521.33,1,0,0.0000000,0,0,36,0,0,0,Bom
112,2605.00,1,0,0.0000000,0,0,67,5,0,0,Bom
138,800.00,2,0,0.0000000,0,0,75,7,0,0,Bom
105,2472.50,5,1,5887.4800000,6,0,7,2,0,0,Bom
46,800.00,1,0,0.0000000,0,0,3,3,0,0,Bom
159,3200.00,0,1,33874.9700000,23,3,0,6,1,0,Bom
88,800.00,2,0,0.0000000,0,0,31,22,0,0,Bom
88,3383.33,5,2,8462.3600000,7,0,37,2,0,0,Bom
164,833.33,5,0,0.0000000,0,0,3,3,0,1,Bom
130,2333.33,1,0,0.0000000,0,0,67,5,0,0,Bom
108,880.00,3,0,0.0000000,0,0,3,0,0,0,Bom
55,3108.33,1,1,2069.7200000,6,0,12,18,1,0,Bom
93,1000.00,1,0,0.0000000,0,0,8,16,0,0,Bom
166,666.67,15,0,0.0000000,0,0,105,9,0,0,Bom
163,6255.00,2,0,0.0000000,0,0,2,0,0,0,Bom
135,10000.00,1,0,0.0000000,0,0,54,18,0,0,Bom
109,1833.33,2,0,0.0000000,0,0,1,5,0,0,Bom
72,2192.00,1,0,0.0000000,0,0,60,0,0,0,Bom
94,10046.67,0,3,82054.2800000,9,0,8,1,0,0,Bom
113,2867.50,1,0,0.0000000,0,0,11,1,0,0,Bom
10,5300.00,0,1,10815.2100000,26,0,3,7,0,0,Bom
173,2521.66,9,1,5298.9800000,1,0,9,4,0,0,Bom
103,1000.00,2,0,0.0000000,0,0,10,9,0,0,Bom
12,36833.33,8,1,20778.9500000,1,0,2,7,0,0,Bom
182,2483.33,16,1,4884.6700000,6,0,32,81,1,2,Bom
182,2483.33,1,0,0.0000000,0,0,1,3,0,0,Ruim
71,6319.50,8,1,21770.1500000,5,0,34,21,0,0,Bom
94,880.00,2,0,0.0000000,0,0,1,1,0,0,Bom
92,8596.67,2,2,31618.1000000,30,1,61,8,0,0,Bom
132,350.00,1,0,0.0000000,0,0,6,0,0,0,Bom
119,4062.00,1,1,2043.8300000,2,0,3,1,0,0,Bom
121,800.00,1,0,0.0000000,0,0,5,1,0,0,Bom
143,9613.33,18,2,13037.9200000,7,0,112,11,0,0,Bom
143,9613.33,0,1,0.0000000,0,1,0,0,0,0,Ruim
182,5682.84,10,3,17431.0400000,9,0,21,3,0,0,Bom
134,3166.67,3,0,0.0000000,0,0,8,0,0,0,Bom
166,2129.00,24,1,5024.6200000,5,0,56,60,0,0,Bom
44,7687.50,3,0,0.0000000,0,0,3,0,0,0,Bom
156,2098.00,7,1,5817.2200000,6,0,20,3,0,0,Bom
106,4183.33,3,0,0.0000000,0,0,60,33,0,0,Bom
106,2565.00,19,0,0.0000000,0,0,168,57,0,0,Bom
168,800.00,1,0,0.0000000,0,0,5,1,0,0,Bom
33,1022.00,1,0,0.0000000,0,0,0,1,0,0,Bom
172,800.00,1,0,0.0000000,0,0,2,1,0,0,Bom
119,1500.00,4,0,0.0000000,0,0,2,2,0,0,Bom
104,1308.34,2,1,5917.8000000,6,0,4,2,0,0,Bom
173,800.00,10,0,0.0000000,0,0,65,16,0,0,Bom
132,22790.00,17,5,81629.7800000,10,0,23,6,0,0,Bom
98,1874.00,2,0,0.0000000,0,0,3,4,0,0,Bom
116,8583.33,1,2,37047.3200000,3,0,4,1,0,0,Bom
119,5346.67,2,0,0.0000000,0,0,72,3,0,0,Bom
172,4333.33,3,0,0.0000000,0,0,10,0,0,0,Bom
170,1000.00,2,0,0.0000000,0,0,0,4,0,0,Bom
159,800.00,1,0,0.0000000,0,0,1,2,0,0,Bom
114,380.00,2,0,0.0000000,0,0,8,3,0,0,Bom
24,32000.00,1,0,0.0000000,0,0,1,0,0,0,Bom
105,5703.33,5,1,745.1500000,1,0,11,1,0,0,Bom
120,800.00,1,0,0.0000000,0,0,1,0,0,0,Bom
88,15925.00,2,0,0.0000000,0,0,6,0,0,0,Bom
143,1833.33,1,0,0.0000000,0,0,5,0,0,0,Bom
78,510.00,3,0,0.0000000,0,0,62,34,0,0,Bom
166,9070.33,8,5,61457.6400000,42,0,83,17,0,0,Bom
155,800.00,10,0,0.0000000,0,0,7,3,0,0,Bom
161,800.00,6,0,0.0000000,0,0,23,1,0,0,Bom
182,4400.00,3,0,0.0000000,0,0,1,2,0,0,Bom
168,7871.00,32,1,6022.5300000,6,0,55,25,0,1,Bom
173,800.00,1,0,0.0000000,0,0,0,1,0,0,Bom
143,880.00,5,0,0.0000000,0,0,67,32,0,0,Bom
155,800.00,1,0,0.0000000,0,0,0,0,0,0,Ruim
155,800.00,2,0,0.0000000,0,0,7,1,0,0,Bom
172,800.00,1,0,0.0000000,0,0,6,0,0,0,Bom
94,788.00,0,1,33852.2900000,6,0,3,1,0,0,Bom
141,1666.67,1,0,0.0000000,0,0,1,0,0,0,Bom
150,800.00,1,0,0.0000000,0,0,34,36,2,0,Bom
182,6354.17,31,3,13474.7600000,10,0,37,12,0,0,Bom
96,8045.00,2,2,8131.6300000,22,0,11,6,0,0,Bom
81,5166.67,10,0,0.0000000,0,0,63,17,0,0,Bom
110,412.00,1,0,0.0000000,0,0,62,10,0,0,Bom
60,3101.67,1,0,0.0000000,0,0,44,4,0,0,Bom
95,13983.33,19,3,44793.8500000,4,0,21,3,0,0,Bom
164,5891.67,2,4,35144.8700000,9,0,8,2,0,0,Bom
78,1000.00,1,0,0.0000000,0,0,45,3,0,0,Bom
100,2237.00,2,1,1084.5600000,12,0,29,13,0,0,Bom
56,6046.67,0,1,6006.5500000,6,0,3,1,0,0,Bom
144,724.00,1,0,0.0000000,0,0,5,0,0,0,Bom
144,1270.17,1,0,0.0000000,0,0,2,1,0,0,Bom
132,3108.33,14,1,5894.3800000,6,0,85,4,0,0,Bom
81,4633.83,1,0,0.0000000,0,0,41,7,0,0,Bom
135,1740.67,1,0,0.0000000,0,0,7,11,0,0,Bom
51,2130.00,0,1,9053.2500000,1,0,0,0,0,0,Bom
96,89000.00,4,0,0.0000000,0,0,34,25,0,0,Bom
82,11175.00,13,4,24929.2600000,9,0,38,31,0,0,Bom
96,15550.00,1,0,0.0000000,0,0,4,1,0,0,Bom
135,2138.00,5,0,0.0000000,0,0,51,15,0,0,Bom
119,480.00,2,0,0.0000000,0,0,57,27,0,0,Bom
111,480.00,1,0,0.0000000,0,0,68,4,0,0,Bom
121,800.00,1,0,0.0000000,0,0,0,1,0,0,Bom
83,3825.00,4,0,0.0000000,0,0,68,76,0,0,Bom
166,898.50,11,0,0.0000000,0,0,13,9,0,0,Bom
135,11807.50,1,0,0.0000000,0,0,65,6,0,0,Ruim
115,5120.33,3,4,21157.4900000,13,0,16,7,0,0,Bom
89,4835.00,0,1,2505.1200000,2,0,3,3,0,0,Bom
166,880.00,2,0,0.0000000,0,0,78,2,0,0,Bom
172,8263.33,3,1,16525.7600000,5,0,11,3,0,0,Bom
133,12100.00,1,0,0.0000000,0,0,1,2,0,0,Bom
121,12155.00,2,0,0.0000000,0,0,27,22,0,0,Bom
93,1520.33,4,1,700.3800000,1,0,11,0,0,0,Bom
110,724.00,2,0,0.0000000,0,0,88,8,0,0,Bom
93,3500.00,3,0,0.0000000,0,0,70,38,0,0,Bom
121,10131.67,4,0,0.0000000,0,0,3,1,0,0,Bom
76,3500.00,2,1,15378.1900000,45,0,70,5,0,0,Bom
167,800.00,1,0,0.0000000,0,0,0,1,0,0,Bom
173,800.00,6,0,0.0000000,0,0,63,18,0,0,Bom
173,800.00,1,0,0.0000000,0,0,0,1,0,0,Ruim
171,2675.00,10,1,3380.4900000,6,0,17,19,0,0,Bom
182,1900.00,14,0,0.0000000,0,0,51,6,0,0,Bom
171,2170.83,13,0,0.0000000,0,0,35,14,0,0,Bom
10,5550.00,0,1,10883.5400000,1,0,0,0,0,0,Bom
161,10133.33,28,2,9222.5600000,5,0,46,8,0,0,Bom
147,1791.67,3,0,0.0000000,0,0,94,9,0,0,Bom
168,3666.66,2,0,0.0000000,0,0,24,1,0,0,Bom
143,2916.67,1,0,0.0000000,0,0,5,0,0,0,Bom
39,11387.50,1,0,0.0000000,0,0,24,12,0,0,Bom
94,465.00,1,0,0.0000000,0,0,0,2,0,0,Bom
95,465.00,1,0,0.0000000,0,0,1,0,0,0,Bom
55,8386.67,0,1,15060.8300000,1,0,0,0,0,0,Bom
21,1500.00,1,1,10315.5000000,1,0,1,0,0,0,Bom
164,3612.50,10,1,2458.7600000,16,1,145,69,1,0,Bom
149,800.00,3,0,0.0000000,0,0,2,1,0,0,Bom
94,11120.83,5,0,0.0000000,0,0,5,0,0,0,Bom
136,5450.00,4,0,0.0000000,0,0,47,3,0,0,Bom
133,8766.66,5,2,8245.2800000,34,2,10,8,0,2,Bom
133,833.33,1,2,14098.3600000,8,0,74,10,0,0,Bom
133,5183.33,11,5,32360.9800000,27,1,57,11,0,1,Bom
168,2225.00,5,0,0.0000000,0,0,9,1,0,0,Bom
95,7166.67,7,1,20843.3000000,3,0,14,0,0,0,Bom
132,833.33,1,0,0.0000000,0,0,66,6,0,0,Bom
121,5979.17,2,2,45682.7300000,6,0,9,2,0,0,Bom
55,1800.00,2,0,0.0000000,0,0,0,20,1,2,Bom
164,3000.00,1,0,0.0000000,0,0,7,0,0,0,Bom
166,10958.33,4,1,7633.4000000,1,0,3,1,0,0,Bom
83,4000.00,1,0,0.0000000,0,0,0,0,0,0,Ruim
147,1750.00,1,0,0.0000000,0,0,69,3,0,0,Bom
107,3433.33,4,0,0.0000000,0,0,74,7,0,0,Bom
38,2358.79,0,1,3866.2400000,20,1,2,2,0,0,Bom
1,3047.80,0,0,11800.0000000,48,0,0,0,0,0,Bom
156,874.67,3,1,19881.9100000,33,0,29,10,0,0,Bom
78,8940.83,3,0,0.0000000,0,0,2,1,0,0,Bom
56,8333.33,2,0,0.0000000,0,0,3,0,0,0,Bom
166,880.00,1,0,0.0000000,0,0,0,0,0,0,Ruim
166,880.00,1,0,0.0000000,0,0,26,4,0,0,Bom
155,4550.00,2,1,7741.5700000,21,0,22,7,0,0,Bom
37,937.00,4,2,9549.8800000,40,0,58,24,0,0,Bom
143,7775.00,11,4,37040.1600000,21,0,77,18,0,0,Bom
156,2472.50,4,1,4288.9900000,2,0,9,1,0,0,Bom
52,1450.00,0,1,5885.6800000,6,0,2,2,0,0,Bom
182,5475.00,31,5,36548.6500000,24,0,87,23,0,0,Bom
170,1000.00,2,0,0.0000000,0,0,2,0,0,0,Bom
61,1710.00,1,0,0.0000000,0,0,24,0,0,0,Bom
151,1000.00,3,0,0.0000000,0,0,6,2,0,0,Bom
81,6857.50,2,1,270.9300000,2,0,36,16,0,0,Bom
170,2500.00,2,0,0.0000000,0,0,0,0,0,0,Ruim
63,6083.33,3,0,0.0000000,0,0,3,0,0,0,Bom
132,4335.00,6,0,0.0000000,0,0,20,9,0,0,Bom
106,30350.00,2,0,0.0000000,0,0,40,44,0,0,Bom
28,1920.00,0,1,11735.7000000,1,0,0,0,0,0,Bom
112,6715.00,7,2,23261.5700000,6,0,11,1,0,0,Bom
166,5991.66,7,0,0.0000000,0,0,32,3,0,0,Bom
95,4900.00,7,1,26532.2100000,1,0,9,4,0,0,Bom
71,20833.33,1,0,0.0000000,0,0,0,1,0,0,Bom
141,1500.00,2,0,0.0000000,0,0,38,35,0,0,Bom
81,600.00,1,0,0.0000000,0,0,16,8,0,0,Bom
42,5708.33,0,1,37915.0600000,59,0,1,0,0,0,Bom
95,6650.00,1,0,0.0000000,0,0,35,1,0,0,Bom
144,11733.33,9,2,12126.7600000,2,0,103,3,0,0,Bom
109,480.00,1,0,0.0000000,0,0,8,4,0,0,Bom
100,724.00,1,4,18667.0100000,16,0,11,7,0,0,Bom
111,724.00,1,0,0.0000000,0,0,71,1,0,0,Bom
104,2300.00,3,0,0.0000000,0,0,61,11,0,0,Bom
123,4430.84,16,1,8779.0000000,6,0,43,29,0,2,Bom
123,4430.84,1,1,5849.0200000,15,32,2,16,5,5,Ruim
138,17295.00,0,4,100001.5300000,25,0,12,3,0,0,Bom
119,5729.26,2,0,0.0000000,0,0,2,1,0,0,Bom
135,27833.33,6,1,1966.4800000,1,0,4,7,0,0,Bom
49,6575.00,2,1,5341.7800000,1,0,2,0,0,0,Bom
10,3380.00,0,1,5913.3500000,14,0,10,0,0,0,Bom
182,5383.33,23,0,0.0000000,0,0,19,9,0,0,Bom
182,5383.33,4,0,0.0000000,0,0,2,2,1,0,Ruim
141,7248.33,1,0,0.0000000,0,0,64,7,0,1,Bom
30,880.00,0,1,4611.0200000,10,1,10,16,0,0,Bom
133,800.00,1,0,0.0000000,0,0,4,2,0,0,Bom
98,979.00,0,1,6623.9100000,24,0,10,2,0,0,Bom
175,0.01,6,0,0.0000000,0,0,5,1,0,0,Bom
132,800.00,2,0,0.0000000,0,0,16,2,0,0,Bom
141,800.00,1,0,0.0000000,0,0,69,3,0,0,Bom
142,9933.33,9,4,20338.7700000,3,0,64,0,0,0,Bom
115,2970.00,3,1,230.4000000,1,0,25,20,0,0,Bom
109,423.68,1,0,0.0000000,0,0,4,28,0,1,Ruim
109,423.68,2,0,0.0000000,0,0,29,7,0,0,Bom
55,38500.00,4,0,0.0000000,0,0,3,1,0,0,Bom
155,916.67,7,0,0.0000000,0,0,30,57,0,0,Bom
138,1933.33,1,0,0.0000000,0,0,0,2,0,0,Bom
138,1933.33,1,0,0.0000000,0,0,21,46,1,3,Ruim
136,52191.67,6,3,102107.8000000,37,0,18,18,0,0,Bom
155,800.00,1,0,0.0000000,0,0,1,1,0,0,Bom
135,7800.00,1,0,0.0000000,0,0,2,2,0,0,Bom
144,5170.84,8,4,45663.8000000,81,0,20,6,0,0,Bom
115,19550.00,1,0,0.0000000,0,0,0,3,0,0,Bom
88,4000.00,2,1,12302.2200000,11,0,48,61,0,0,Bom
109,625.00,2,0,0.0000000,0,0,48,0,0,0,Bom
100,2910.00,4,2,12065.1400000,4,1,17,19,1,1,Bom
121,5191.67,0,1,29796.7400000,44,0,8,8,0,0,Bom
99,4591.67,3,0,0.0000000,0,0,11,1,0,0,Bom
94,11075.00,1,1,23655.4000000,3,0,10,1,0,0,Bom
143,2908.33,1,0,0.0000000,0,0,6,0,0,0,Bom
95,3166.67,0,1,1168.1600000,1,0,6,0,0,0,Bom
63,2520.83,1,2,4523.0600000,52,0,58,10,0,0,Bom
35,2030.00,0,1,24619.0500000,28,0,23,9,0,0,Bom
132,350.00,1,0,0.0000000,0,0,6,0,0,0,Bom
114,5550.00,1,0,0.0000000,0,0,5,1,0,0,Bom
94,6915.00,1,0,0.0000000,0,0,7,0,0,0,Bom
95,2575.00,0,2,10475.4200000,9,0,17,11,0,0,Bom
144,1633.33,2,0,0.0000000,0,0,3,6,0,0,Bom
64,2916.67,1,0,0.0000000,0,0,28,29,2,0,Bom
95,27583.33,7,1,30040.2000000,1,0,5,2,0,0,Bom
115,6933.33,1,2,45512.5000000,10,0,16,0,0,0,Bom
126,9200.00,3,0,0.0000000,0,0,44,3,0,0,Bom
96,6061.67,1,2,13617.8700000,3,0,8,1,0,0,Bom
161,6666.66,5,1,4246.3300000,1,0,82,6,0,0,Bom
166,1833.33,19,1,2949.0000000,2,0,55,12,0,0,Bom
134,800.00,10,0,0.0000000,0,0,28,53,2,0,Bom
144,4416.67,1,0,0.0000000,0,0,5,0,0,0,Bom
56,2500.00,0,1,0.0000000,0,1,0,0,0,1,Bom
129,2133.50,5,2,4154.8000000,6,0,60,5,0,0,Bom
132,7658.33,1,0,0.0000000,0,0,3,3,0,0,Bom
95,15616.66,4,3,46693.9700000,11,0,18,3,0,0,Bom
120,5869.17,1,0,0.0000000,0,0,4,2,0,0,Bom
102,415.00,2,0,0.0000000,0,0,95,5,0,0,Bom
78,8900.00,1,1,5060.1700000,4,0,3,4,0,0,Bom
116,2880.00,6,2,8154.4200000,18,0,164,20,0,0,Bom
173,800.00,2,0,0.0000000,0,0,6,0,0,0,Bom
158,800.00,1,0,0.0000000,0,0,7,1,0,0,Bom
135,12616.67,2,0,0.0000000,0,0,10,3,0,0,Bom
164,9625.00,30,2,20704.5000000,11,0,172,35,0,1,Bom
56,9333.33,4,2,11300.7300000,2,0,3,1,0,0,Bom
29,5550.00,0,1,30598.3800000,49,0,7,4,0,0,Bom
21,2036.20,0,1,10876.6000000,32,0,4,0,0,0,Bom
103,2413.00,1,0,0.0000000,0,0,1,0,0,0,Bom
75,10437.50,4,3,49826.1000000,13,0,7,8,0,0,Bom
94,9950.00,0,1,10500.0000000,6,0,3,1,0,0,Bom
166,1930.00,14,0,0.0000000,0,0,18,12,0,0,Bom
128,2375.00,1,0,0.0000000,0,0,65,7,0,0,Bom
120,4718.75,2,0,0.0000000,0,0,1,6,0,0,Bom
169,800.00,7,0,0.0000000,0,0,0,0,0,0,Ruim
169,800.00,2,0,0.0000000,0,0,2,5,0,0,Bom
22,6785.00,0,2,14092.1200000,52,2,20,24,0,0,Bom
115,8900.00,4,5,6419.6900000,6,0,32,3,0,0,Bom
129,2166.67,1,0,0.0000000,0,0,0,0,0,0,Ruim
129,2166.67,7,0,0.0000000,0,0,60,29,2,0,Bom
96,7316.67,0,1,28246.9000000,55,0,4,1,0,0,Bom
163,2083.33,1,0,0.0000000,0,0,2,2,0,0,Bom
132,5828.33,22,0,0.0000000,0,0,59,47,0,0,Bom
164,5900.33,9,3,14838.1300000,8,0,57,7,0,0,Bom
13,32846.67,0,1,4819.8600000,1,0,0,1,0,0,Bom
110,380.00,1,0,0.0000000,0,0,63,9,0,0,Bom
145,1479.17,0,1,2266.1400000,1,0,6,1,0,0,Bom
168,800.00,1,0,0.0000000,0,0,1,5,0,0,Bom
100,4185.00,4,0,0.0000000,0,0,19,77,0,0,Bom
132,833.33,1,0,0.0000000,0,0,5,1,0,0,Bom
133,8361.00,1,0,0.0000000,0,0,5,1,0,0,Bom
114,5933.33,9,1,20665.7400000,1,0,14,0,0,0,Bom
132,10066.67,4,2,6439.5400000,7,0,42,22,0,0,Bom
132,10066.67,0,0,0.0000000,0,1,0,0,0,0,Ruim
69,12500.00,1,0,0.0000000,0,0,1,3,0,0,Bom
103,8350.00,6,0,0.0000000,0,0,21,58,0,0,Bom
166,6966.67,25,0,0.0000000,0,0,25,5,0,0,Bom
83,11663.00,8,1,4793.5600000,2,0,11,24,0,0,Bom
117,2082.91,7,0,0.0000000,0,0,75,3,0,0,Bom
166,4845.33,12,3,20517.0800000,11,0,26,8,0,0,Bom
166,2500.00,4,1,6335.4600000,11,0,120,7,0,0,Bom
172,800.00,13,0,0.0000000,0,0,48,2,0,0,Bom
166,1335.49,1,0,0.0000000,0,0,35,1,0,0,Bom
166,2550.00,5,2,5471.9800000,5,0,44,5,0,0,Bom
54,56993.34,1,2,18098.8600000,2,0,4,1,0,0,Bom
168,18620.00,17,5,42572.3400000,48,0,188,37,0,0,Bom
168,18620.00,1,0,0.0000000,0,0,0,0,0,0,Ruim
14,3696.67,1,0,0.0000000,0,0,1,0,0,0,Bom
164,1833.33,8,0,0.0000000,0,0,19,4,0,0,Bom
88,1270.25,0,1,1250.8900000,1,0,6,1,0,0,Bom
95,3850.00,9,4,17295.4400000,8,0,62,13,0,0,Bom
0,29790.00,0,1,25503.5700000,1,0,0,0,0,0,Bom
177,10050.00,20,3,30224.0500000,5,0,19,9,0,0,Bom
71,1000.00,0,1,0.0000000,0,10,19,13,1,3,Ruim
93,4000.00,2,0,0.0000000,0,0,40,16,0,0,Bom
111,380.00,2,0,0.0000000,0,0,70,7,0,0,Bom
166,6666.67,32,0,0.0000000,0,0,134,55,2,1,Bom
155,4583.33,8,0,0.0000000,0,0,62,22,0,0,Bom
120,3000.00,4,1,365.2500000,2,0,86,19,0,0,Bom
39,788.00,0,1,12753.1500000,41,0,18,1,0,0,Bom
171,6732.50,0,1,0.0000000,0,1,0,0,0,0,Ruim
171,6732.50,26,3,25403.8800000,26,1,59,18,0,0,Bom
130,28933.33,4,5,106032.3600000,160,0,124,20,0,0,Bom
182,12275.00,22,1,18307.7200000,1,0,22,6,0,0,Bom
133,800.00,1,0,0.0000000,0,0,6,0,0,0,Bom
114,2969.17,7,0,0.0000000,0,0,36,6,0,0,Bom
88,4600.00,8,2,645.1100000,1,0,87,7,0,0,Bom
88,4600.00,0,1,0.0000000,0,1,0,0,0,0,Ruim
58,9479.16,10,2,10656.4800000,6,1,8,11,0,0,Bom
132,800.00,1,0,0.0000000,0,0,5,1,0,0,Bom
93,1576.00,0,1,5181.0200000,10,0,21,5,0,0,Bom
150,3563.01,2,0,0.0000000,0,0,6,1,0,0,Bom
124,3000.00,2,0,0.0000000,0,0,38,3,0,0,Bom
145,13866.67,17,4,28813.9700000,7,0,38,16,0,0,Bom
72,1500.00,9,2,11171.2700000,38,3,59,33,0,0,Bom
69,1500.00,1,0,0.0000000,0,0,0,2,0,1,Bom
182,5491.67,3,1,11763.6900000,1,0,3,0,0,0,Bom
135,9994.41,8,5,17612.2600000,24,0,64,18,0,0,Bom
164,2410.00,7,2,13112.8900000,3,0,10,3,0,0,Bom
115,480.00,2,0,0.0000000,0,0,23,25,0,0,Bom
116,5400.00,2,1,4276.7300000,5,0,11,1,0,0,Bom
182,800.00,12,0,0.0000000,0,0,13,4,0,0,Bom
119,800.00,1,0,0.0000000,0,0,71,1,0,0,Bom
182,5000.00,8,1,3830.5000000,14,1,49,37,0,0,Bom
132,2000.00,12,0,0.0000000,0,0,56,76,1,0,Bom
132,5000.00,2,0,0.0000000,0,0,1,6,0,0,Bom
127,3800.00,8,1,4753.7800000,14,1,45,111,0,0,Bom
95,1375.00,1,0,0.0000000,0,0,10,0,0,0,Bom
177,3025.50,1,0,0.0000000,0,0,29,7,0,0,Bom
141,1000.00,6,0,0.0000000,0,0,15,4,0,0,Bom
121,3333.33,1,0,0.0000000,0,0,59,13,0,0,Bom
151,800.00,5,0,0.0000000,0,0,4,2,0,0,Bom
168,880.00,4,1,5917.8000000,6,0,8,4,0,0,Bom
120,15725.00,19,2,13167.4200000,6,0,18,11,0,0,Bom
127,8566.67,22,4,30928.1300000,10,0,26,26,0,0,Bom
108,1450.00,3,0,0.0000000,0,0,0,3,0,0,Bom
75,21900.00,1,0,0.0000000,0,0,16,8,0,0,Bom
164,4985.00,2,1,28473.6100000,65,0,15,1,0,0,Bom
97,2366.67,8,0,0.0000000,0,0,109,38,0,0,Bom
87,1937.00,1,0,0.0000000,0,0,10,0,0,0,Bom
138,5000.00,2,1,1908.9900000,1,0,36,49,0,0,Bom
166,5330.00,13,3,0.0000000,1,0,95,2,0,0,Bom
31,1299.99,0,1,3122.0200000,6,0,25,5,0,0,Bom
55,1874.00,0,2,5589.6800000,7,0,5,3,0,0,Bom
44,11238.67,2,1,10860.5200000,1,0,2,0,0,0,Bom
52,7075.00,2,1,10794.4000000,1,0,2,0,0,0,Bom
137,4246.50,5,1,7616.9000000,5,0,5,5,0,1,Bom
103,16874.99,5,2,10914.3000000,2,0,29,13,0,0,Bom
182,4316.67,3,0,0.0000000,0,0,8,0,0,0,Bom
112,883.33,4,0,0.0000000,0,0,70,28,0,0,Bom
114,17800.83,2,1,10025.3400000,2,0,14,5,0,0,Bom
124,3000.00,2,0,0.0000000,0,0,61,13,0,0,Bom
52,4903.25,1,0,0.0000000,0,0,45,3,0,0,Bom
95,465.00,1,0,0.0000000,0,0,2,22,0,0,Bom
163,3901.67,10,1,2059.3600000,1,1,40,32,0,2,Bom
26,4416.67,2,2,13273.8100000,11,0,12,4,0,0,Bom
105,7905.00,17,3,13094.6200000,26,0,72,14,0,0,Bom
66,14250.00,2,3,15679.0800000,12,0,6,9,0,0,Bom
91,1583.33,1,0,0.0000000,0,0,32,4,0,0,Bom
166,2705.50,2,0,0.0000000,0,0,4,1,0,0,Bom
172,800.00,10,0,0.0000000,0,0,25,16,0,0,Bom
49,3000.00,1,0,0.0000000,0,0,1,0,1,0,Bom
124,800.00,5,0,0.0000000,0,0,26,46,0,0,Bom
166,800.00,1,0,0.0000000,0,0,0,1,0,0,Bom
166,800.00,1,0,0.0000000,0,0,1,1,0,0,Ruim
76,2200.00,3,0,0.0000000,0,0,57,15,4,2,Bom
182,2621.67,3,0,0.0000000,0,0,84,1,0,0,Bom
94,55845.00,17,6,93146.1900000,39,0,11,10,0,0,Bom
120,12561.67,9,1,34599.8400000,1,0,9,0,0,0,Bom
94,2064.00,3,2,6983.7600000,5,0,10,4,0,0,Bom
138,2958.33,3,1,1016.3300000,1,0,44,1,0,0,Bom
137,5780.00,2,0,0.0000000,0,0,0,0,0,0,Ruim
137,5780.00,0,1,6062.7400000,30,0,4,2,0,0,Bom
111,380.00,2,0,0.0000000,0,0,0,16,0,0,Bom
143,2341.67,10,0,0.0000000,0,0,98,32,0,0,Bom
182,5046.00,19,1,24629.8600000,40,0,66,46,0,0,Bom
182,5046.00,1,0,0.0000000,0,0,1,1,0,0,Ruim
159,800.00,1,0,0.0000000,0,0,0,1,0,0,Bom
150,5900.00,1,1,2251.6100000,1,0,12,0,0,0,Bom
112,15953.33,3,3,26985.9800000,13,0,96,15,0,0,Bom
103,1400.00,4,1,6302.3000000,18,0,78,12,0,0,Bom
91,880.00,1,0,0.0000000,0,0,30,0,0,0,Bom
33,3000.00,1,1,6827.8800000,15,0,32,25,0,0,Bom
95,13483.33,7,1,0.0300000,1,0,75,21,0,0,Bom
166,3858.33,0,1,9000.0000000,6,0,3,1,0,0,Bom
133,4860.00,4,1,5178.6800000,1,0,15,0,0,0,Bom
106,415.00,1,0,0.0000000,0,0,32,16,0,0,Bom
106,1073.33,1,0,0.0000000,0,0,48,0,0,0,Bom
106,1500.00,13,1,3304.2800000,10,0,111,31,0,0,Bom
106,1500.00,1,0,0.0000000,0,0,1,1,0,0,Ruim
132,300.00,1,0,0.0000000,0,0,6,0,0,0,Bom
85,3260.00,1,0,0.0000000,0,0,11,13,0,0,Bom
163,3400.00,1,0,0.0000000,0,0,0,3,2,0,Bom
164,800.00,3,0,0.0000000,0,0,2,1,0,0,Bom
98,3670.00,3,2,11936.9400000,7,0,5,2,0,0,Bom
143,800.00,1,0,0.0000000,0,0,4,1,0,0,Bom
72,1688.00,0,1,3342.3700000,10,0,21,5,0,0,Bom
141,1317.00,1,0,0.0000000,0,0,6,0,0,0,Bom
106,3000.00,2,1,2836.5000000,9,0,13,8,0,0,Bom
166,2083.33,1,0,0.0000000,0,0,52,20,0,0,Bom
82,510.00,1,0,0.0000000,0,0,21,3,0,0,Bom
166,1.00,2,0,0.0000000,0,0,1,0,0,1,Bom
166,2916.67,1,0,0.0000000,0,0,1,0,0,0,Bom
82,9166.67,14,0,0.0000000,0,0,20,10,0,0,Bom
132,2566.66,1,0,0.0000000,0,0,70,2,0,0,Bom
69,2200.00,1,2,20613.6000000,78,0,69,9,0,0,Bom
117,3840.00,16,0,0.0000000,0,0,17,3,0,0,Bom
82,0.01,4,0,0.0000000,0,0,22,15,0,0,Bom
164,2216.67,1,0,0.0000000,0,0,1,0,0,0,Bom
164,833.33,4,0,0.0000000,0,0,94,2,0,0,Bom
105,1000.00,62,0,0.0000000,0,0,516,92,1,0,Bom
25,2506.00,0,1,1003.7800000,2,0,6,2,0,0,Bom
76,1513.33,0,1,1506.9000000,5,0,2,3,0,0,Bom
98,5358.34,4,0,0.0000000,0,0,14,1,0,0,Bom
166,8766.67,19,2,7608.4300000,5,0,207,3,0,0,Bom
129,2575.00,1,2,27891.2700000,3,0,13,1,0,0,Bom
72,1666.67,1,0,0.0000000,0,0,1,2,0,0,Bom
154,333.33,0,1,0.0000000,0,2,0,0,0,0,Bom
154,333.33,2,0,0.0000000,0,0,0,0,0,0,Ruim
22,6723.03,0,2,22655.1800000,76,0,29,15,0,0,Bom
155,8833.33,5,4,30570.3200000,16,0,14,4,0,0,Bom
165,6130.00,5,0,0.0000000,0,0,7,7,0,0,Bom
144,3470.83,1,0,0.0000000,0,0,1,0,0,0,Bom
95,1760.00,0,1,91.4700000,2,0,15,7,0,0,Bom
135,4262.50,6,0,0.0000000,0,0,17,6,0,0,Bom
122,3650.33,16,4,39633.1800000,16,0,25,11,0,0,Bom
36,815.58,0,1,210.5400000,1,0,29,6,0,0,Bom
182,8890.00,20,1,15579.3000000,24,0,51,40,0,0,Bom
122,4300.00,8,1,6035.5000000,1,0,8,11,1,0,Bom
44,1900.00,1,0,0.0000000,0,1,5,20,0,0,Bom
169,880.00,1,0,0.0000000,0,0,62,10,0,0,Bom
168,3573.34,6,0,0.0000000,0,0,6,4,0,0,Bom
135,1250.00,2,0,0.0000000,0,0,28,29,3,0,Bom
163,10680.00,18,1,6022.5900000,6,0,16,23,0,0,Bom
134,1689.23,1,0,0.0000000,0,0,3,3,0,0,Bom
55,3800.00,12,0,0.0000000,0,0,6,10,0,0,Bom
112,6966.67,16,1,572.5400000,2,0,76,45,0,0,Bom
105,37737.50,15,2,26946.1400000,63,0,10,6,0,0,Bom
49,3345.26,2,2,1989.2100000,12,0,78,13,0,0,Bom
38,0.01,1,0,0.0000000,0,0,1,0,0,0,Bom
66,1000.00,1,0,0.0000000,0,0,36,0,0,0,Bom
165,1300.00,5,0,0.0000000,0,0,16,12,0,0,Bom
182,800.00,1,0,0.0000000,0,0,5,3,0,0,Bom
182,5737.00,7,2,5266.0700000,7,0,20,2,0,0,Bom
135,23437.00,0,2,21090.2000000,11,0,6,3,0,0,Bom
54,3175.00,0,1,3755.1600000,6,0,5,1,0,0,Bom
106,7562.79,1,0,0.0000000,0,0,0,0,0,1,Bom
119,22187.50,5,0,0.0000000,0,0,72,15,0,0,Bom
76,7025.00,8,3,13596.8300000,6,0,45,13,0,0,Bom
21,718.00,1,0,0.0000000,0,0,10,10,2,2,Bom
120,5163.33,1,1,3925.5200000,2,0,6,1,0,0,Bom
136,800.00,1,0,0.0000000,0,0,17,55,0,0,Bom
112,4688.00,3,1,27079.0300000,30,4,95,20,2,10,Bom
82,510.00,4,0,0.0000000,0,0,11,18,0,0,Bom
113,380.00,2,0,0.0000000,0,0,0,0,0,2,Bom
89,8800.00,2,3,86705.4500000,3,0,8,1,0,0,Bom
41,6000.00,1,1,13124.2900000,19,0,41,12,0,0,Bom
121,4791.67,1,0,0.0000000,0,0,5,1,0,0,Bom
120,800.00,0,1,8080.7200000,1,0,7,4,0,0,Bom
106,415.00,1,0,0.0000000,0,0,47,1,0,0,Bom
98,1666.67,2,0,0.0000000,0,0,2,0,0,0,Bom
95,1224.00,5,0,0.0000000,0,0,24,16,0,0,Bom
132,800.00,23,0,0.0000000,0,0,11,21,2,2,Bom
4,4113.33,0,1,10936.1500000,20,0,3,1,0,0,Bom
173,800.00,1,0,0.0000000,0,0,2,0,0,0,Bom
113,800.00,1,0,0.0000000,0,0,3,0,0,0,Bom
164,788.00,5,0,0.0000000,0,0,5,0,0,0,Bom
150,625.00,1,0,0.0000000,0,0,26,19,2,3,Ruim
150,625.00,0,1,0.0000000,0,3,0,6,0,2,Ruim
150,625.00,6,1,1256.4000000,5,0,23,29,1,1,Bom
182,1875.00,3,0,0.0000000,0,0,0,0,0,0,Ruim
182,1875.00,6,0,0.0000000,0,0,2,5,0,0,Bom
129,1500.00,6,0,0.0000000,0,0,56,36,0,0,Bom
144,800.00,2,0,0.0000000,0,0,0,0,0,1,Ruim
144,800.00,5,0,0.0000000,0,0,19,4,0,0,Bom
182,7133.33,34,3,8205.5700000,7,0,146,16,0,0,Bom
152,31185.00,13,2,44191.9900000,108,10,70,84,2,0,Bom
139,28083.34,5,2,29952.3000000,8,0,6,2,0,0,Bom
69,937.00,0,1,2566.0600000,5,0,5,0,0,0,Bom
177,4182.50,2,1,160.0000000,1,0,59,5,0,0,Bom
95,910.00,1,0,0.0000000,0,0,0,0,0,0,Ruim
95,910.00,0,1,5722.2700000,6,0,2,2,0,0,Bom
123,3891.66,2,0,0.0000000,0,0,75,7,0,0,Bom
35,2560.00,2,0,0.0000000,0,0,0,2,0,0,Bom
124,2745.83,0,1,3173.1700000,5,0,3,1,0,0,Bom
98,930.00,1,0,0.0000000,0,0,6,1,0,0,Bom
156,8258.33,7,1,5698.1400000,6,0,16,6,0,0,Bom
166,666.67,1,0,0.0000000,0,0,0,1,0,0,Ruim
92,622.00,0,1,0.0000000,0,2,0,0,0,0,Bom
117,380.00,2,0,0.0000000,0,0,48,0,0,0,Bom
121,1700.00,14,4,11430.7400000,24,0,50,22,0,0,Bom
173,800.00,1,0,0.0000000,0,0,5,0,0,0,Bom
83,510.00,1,0,0.0000000,0,0,12,0,0,0,Bom
83,510.00,0,4,0.0000000,0,13,10,0,0,0,Bom
58,8333.33,0,2,5720.5700000,7,0,4,4,0,0,Bom
132,800.00,1,0,0.0000000,0,0,4,2,0,0,Bom
161,14213.33,2,0,0.0000000,0,0,1,2,0,0,Bom
94,833.33,1,0,0.0000000,0,0,1,0,0,0,Bom
163,583.33,1,0,0.0000000,0,0,1,0,0,0,Bom
163,583.33,5,0,0.0000000,0,0,0,0,0,0,Ruim
100,1000.00,2,0,0.0000000,0,0,13,17,0,0,Bom
104,7353.67,3,1,3003.8200000,5,0,16,4,0,0,Bom
68,7200.00,7,4,37633.7700000,14,0,14,6,0,0,Bom
166,800.00,2,0,0.0000000,0,0,2,5,0,0,Bom
151,800.00,1,0,0.0000000,0,0,1,1,0,0,Bom
166,3933.33,5,2,8926.3800000,2,0,61,3,0,0,Bom
135,10000.00,1,0,0.0000000,0,0,6,0,0,0,Bom
75,1950.00,1,0,0.0000000,0,0,44,3,0,0,Bom
127,1900.00,3,1,5494.3200000,35,0,116,5,0,0,Bom
132,833.33,9,0,0.0000000,0,0,52,15,1,0,Bom
133,6830.00,1,0,0.0000000,0,0,4,2,0,0,Bom
95,25216.66,2,1,28346.3200000,1,0,2,0,0,0,Bom
111,2225.00,1,0,0.0000000,0,0,1,0,0,0,Bom
151,904.25,1,0,0.0000000,0,0,1,0,0,0,Bom
95,2233.33,0,1,2812.5500000,6,0,3,1,0,0,Bom
95,465.00,1,0,0.0000000,0,0,17,1,0,0,Bom
93,4625.00,6,2,29156.2400000,34,1,75,24,0,0,Bom
44,3938.34,1,0,0.0000000,0,0,34,2,0,0,Bom
104,3846.83,8,1,8494.6000000,1,0,7,1,0,0,Bom
55,600.00,0,2,6011.8900000,7,0,5,3,0,0,Bom
36,21550.00,1,1,3200.0000000,12,0,0,1,0,0,Bom
92,9800.00,0,0,0.0000000,0,1,0,0,0,0,Ruim
92,9800.00,5,0,0.0000000,0,0,15,61,10,1,Bom
106,20833.33,0,1,0.0000000,0,3,1,2,0,0,Bom
106,20833.33,0,1,0.0000000,0,14,4,39,1,2,Ruim
106,20833.33,1,0,0.0000000,0,0,0,1,0,0,Bom
128,9633.33,12,4,21011.5100000,8,0,46,7,0,0,Bom
69,6860.00,4,1,30779.7900000,5,0,2,7,0,0,Bom
182,4336.33,16,1,11876.8300000,3,0,91,56,0,0,Bom
155,7958.33,1,0,0.0000000,0,0,7,0,0,0,Bom
134,0.01,7,1,1269.1800000,0,2,67,23,1,1,Bom
138,949.00,8,0,0.0000000,0,0,96,7,0,0,Bom
162,800.00,5,0,0.0000000,0,0,2,6,0,0,Bom
172,4258.33,6,0,0.0000000,0,0,78,6,0,0,Bom
182,800.00,4,0,0.0000000,0,0,7,2,0,0,Bom
55,3541.67,2,2,6226.3300000,7,0,29,4,0,0,Bom
100,12000.00,1,1,18135.1700000,3,0,10,2,0,0,Bom
168,1875.00,9,0,0.0000000,0,0,64,3,0,0,Bom
78,2500.00,2,1,2486.4100000,6,0,79,11,0,0,Bom
23,6583.85,1,2,8331.9600000,10,0,40,3,0,0,Bom
26,4143.60,0,1,136.7800000,2,0,13,9,0,0,Bom
117,800.00,1,0,0.0000000,0,0,0,1,0,0,Bom
55,3362.50,4,1,5795.0000000,1,0,31,8,0,0,Bom
132,4133.34,6,1,18136.8100000,1,0,11,0,0,0,Bom
38,2138.75,1,0,0.0000000,0,0,25,11,0,0,Bom
64,1488.42,0,1,5856.3600000,6,0,3,1,0,0,Bom
173,800.00,8,0,0.0000000,0,0,18,12,0,0,Bom
117,3600.00,2,0,0.0000000,0,0,2,0,0,0,Bom
97,950.00,1,0,0.0000000,0,0,66,6,0,0,Bom
127,350.00,5,0,0.0000000,0,0,7,7,0,0,Bom
120,3501.67,19,3,1456.6200000,3,0,72,13,0,0,Bom
129,9377.50,13,1,625.1900000,1,0,68,23,0,0,Bom
132,800.00,1,0,0.0000000,0,0,6,0,0,0,Bom
133,20039.59,1,0,0.0000000,0,0,44,4,0,0,Bom
94,2166.67,2,0,0.0000000,0,0,35,1,0,0,Bom
170,800.00,1,0,0.0000000,0,0,1,1,0,0,Bom
132,800.00,1,0,0.0000000,0,0,4,2,0,0,Bom
144,3033.33,0,1,3568.9400000,4,0,5,0,0,0,Bom
133,880.00,1,0,0.0000000,0,0,5,1,0,0,Bom
169,1503.33,1,0,0.0000000,0,0,0,6,0,0,Bom
132,20750.00,5,0,0.0000000,0,0,10,9,0,0,Bom
145,800.00,1,0,0.0000000,0,0,67,5,0,0,Bom
75,9873.34,2,2,18348.9500000,39,0,77,52,0,0,Bom
113,380.00,3,0,0.0000000,0,0,16,0,0,0,Bom
100,415.00,1,0,0.0000000,0,0,7,17,0,0,Bom
156,6187.66,1,0,0.0000000,0,0,6,0,0,0,Bom
93,5949.67,1,0,0.0000000,0,0,2,2,0,0,Ruim
93,5949.67,7,2,7690.0800000,6,0,16,10,1,0,Bom
13,1605.73,0,1,14063.6600000,36,0,10,2,0,0,Bom
112,480.00,1,0,0.0000000,0,0,63,9,0,0,Bom
83,4500.00,3,2,5601.4800000,1,0,3,2,0,0,Bom
166,625.00,1,0,0.0000000,0,0,1,0,0,0,Bom
29,880.00,0,2,4044.9700000,28,0,7,37,0,0,Bom
120,800.00,5,0,0.0000000,0,0,32,22,0,0,Bom
66,3541.67,3,1,5566.5500000,7,0,5,1,0,0,Bom
58,14550.00,6,1,5906.7700000,6,0,7,3,0,0,Bom
173,1433.33,2,0,0.0000000,0,0,6,0,0,0,Bom
96,3570.00,2,0,0.0000000,0,0,2,0,0,0,Bom
93,8000.00,2,1,32437.6400000,94,4,5,44,0,0,Bom
162,1533.33,13,0,0.0000000,0,0,54,50,2,1,Bom
130,800.00,1,0,0.0000000,0,0,51,21,0,0,Bom
135,4276.00,3,2,9623.7800000,14,0,21,2,0,0,Bom
52,1.00,1,0,0.0000000,0,0,24,0,0,0,Bom
101,1422.01,1,0,0.0000000,0,0,4,2,0,0,Bom
144,800.00,1,0,0.0000000,0,0,0,1,0,0,Bom
115,5541.67,5,1,5844.3200000,6,0,114,6,0,0,Bom
117,380.00,4,0,0.0000000,0,0,20,13,0,0,Bom
136,3675.00,1,0,0.0000000,0,0,35,37,0,0,Bom
156,8451.67,0,1,4217.8500000,1,0,0,0,0,0,Bom
84,510.00,1,0,0.0000000,0,0,14,4,0,0,Bom
94,8999.00,0,2,7966.9800000,6,0,10,2,0,0,Bom
175,800.00,7,0,0.0000000,0,0,2,5,0,0,Bom
128,22075.00,30,3,16919.0000000,12,0,66,24,0,0,Bom
166,1625.00,1,0,0.0000000,0,0,0,1,0,0,Bom
11,4000.00,2,1,2909.7900000,0,2,0,3,1,2,Bom
132,17750.00,15,0,0.0000000,0,0,5,32,0,0,Bom
126,9600.00,0,1,8728.6100000,1,0,0,0,0,0,Bom
138,16941.68,4,1,7839.7200000,2,0,74,8,0,0,Bom
158,2500.00,17,2,12541.4700000,6,0,36,10,0,0,Bom
51,2500.00,3,1,200.7400000,1,0,47,55,0,0,Bom
55,2500.00,2,1,124.5300000,0,2,16,52,4,2,Bom
182,800.00,8,0,0.0000000,0,0,8,15,1,0,Bom
46,3425.00,1,0,0.0000000,0,0,1,0,0,0,Bom
96,465.00,1,0,0.0000000,0,0,5,5,0,0,Ruim
55,880.00,0,2,6226.3300000,7,0,3,5,0,0,Bom
79,3610.00,11,1,5689.3800000,5,0,221,27,0,0,Bom
110,1200.00,1,0,0.0000000,0,0,1,1,0,0,Bom
101,415.00,0,1,0.0000000,0,2,0,0,0,0,Bom
155,9186.67,18,0,0.0000000,0,0,40,77,2,1,Bom
154,30000.00,1,0,0.0000000,0,0,1,0,0,0,Bom
155,800.00,2,0,0.0000000,0,0,5,1,0,2,Ruim
155,800.00,17,0,0.0000000,0,0,17,10,1,1,Bom
171,800.00,1,0,0.0000000,0,0,4,1,0,1,Ruim
133,800.00,3,0,0.0000000,0,0,1,3,0,0,Bom
133,800.00,6,0,0.0000000,0,0,10,5,1,2,Ruim
101,937.00,4,0,0.0000000,0,0,39,27,0,0,Bom
156,8500.00,1,2,30586.1100000,11,0,8,2,0,0,Bom
182,800.00,2,0,0.0000000,0,0,2,1,0,0,Ruim
182,800.00,15,0,0.0000000,0,0,16,6,0,0,Bom
172,800.00,1,0,0.0000000,0,0,64,8,0,0,Bom
144,880.00,6,0,0.0000000,0,0,40,8,0,0,Bom
126,800.00,2,0,0.0000000,0,0,8,3,0,0,Bom
110,5183.33,1,2,14075.3100000,14,0,27,3,0,0,Bom
22,1606.40,0,2,63583.8200000,77,0,31,0,0,0,Bom
182,1927.42,10,0,0.0000000,0,0,22,14,0,0,Bom
155,17333.33,0,1,0.0000000,0,1,0,0,0,0,Ruim
155,17333.33,11,5,155734.7100000,87,0,76,7,0,0,Bom
35,1520.00,4,0,0.0000000,0,0,139,17,0,0,Bom
106,800.00,1,0,0.0000000,0,0,31,5,0,0,Bom
117,12276.52,1,1,21213.3800000,1,0,1,0,0,0,Bom
164,19515.01,11,7,63053.7700000,66,0,63,15,0,0,Bom
78,833.33,1,0,0.0000000,0,0,46,0,0,0,Bom
119,9342.00,1,1,15042.3900000,1,0,1,0,0,0,Bom
26,3600.00,0,1,4725.3800000,10,1,9,17,0,0,Bom
144,7783.33,4,0,0.0000000,0,0,2,3,0,0,Bom
18,1781.67,0,1,4265.2300000,1,0,0,0,0,0,Bom
83,3670.00,2,0,0.0000000,0,0,3,2,0,0,Bom
83,3670.00,1,0,0.0000000,0,0,3,12,1,1,Ruim
101,415.00,1,0,0.0000000,0,0,1,3,1,0,Ruim
76,3600.00,1,3,7839.2900000,23,0,23,3,0,0,Bom
99,1462.69,7,2,6359.4000000,13,0,103,50,0,0,Bom
55,5507.76,1,0,0.0000000,0,0,1,0,0,0,Bom
78,2000.00,2,1,9152.3900000,19,0,47,66,0,0,Bom
120,800.00,1,0,0.0000000,0,0,4,14,0,0,Bom
98,2000.00,5,1,10337.0700000,20,0,18,48,1,0,Bom
166,800.00,2,0,0.0000000,0,0,2,0,0,0,Bom
133,4870.00,4,0,0.0000000,0,0,9,0,0,0,Bom
173,12641.67,18,2,37341.9400000,3,0,38,68,0,0,Bom
133,4870.00,6,0,0.0000000,0,0,11,0,0,0,Bom
182,6500.00,8,0,0.0000000,0,0,27,4,0,0,Bom
113,11258.33,7,3,11950.9200000,4,0,82,17,0,0,Bom
10,3317.50,0,1,12676.8300000,1,0,0,0,0,0,Bom
118,1011.67,6,1,4200.0000000,1,0,12,1,0,0,Bom
72,2314.45,1,0,0.0000000,0,0,20,4,0,0,Bom
166,1833.33,1,0,0.0000000,0,0,0,0,0,0,Ruim
166,1833.33,6,0,0.0000000,0,0,5,3,0,0,Bom
159,5083.33,2,0,0.0000000,0,0,76,3,0,0,Bom
88,2200.00,3,1,8431.5000000,28,0,52,2,0,0,Bom
33,9215.84,4,0,0.0000000,0,0,3,1,0,0,Bom
81,100.00,1,0,0.0000000,0,0,0,0,0,0,Ruim
136,1583.13,1,0,0.0000000,0,0,4,1,0,1,Bom
166,1524.00,1,0,0.0000000,0,0,68,4,0,0,Bom
26,1240.37,1,0,0.0000000,0,0,8,4,0,0,Bom
14,16791.67,2,1,23832.6700000,2,0,1,12,0,0,Bom
69,1170.00,2,0,0.0000000,0,0,82,2,0,0,Bom
96,1043.00,2,2,6122.9400000,8,1,5,6,1,0,Bom
128,13208.34,18,4,54556.1500000,9,0,20,6,0,0,Bom
112,2583.34,6,0,0.0000000,0,0,39,72,0,0,Bom
133,8865.83,0,1,0.0000000,0,1,0,0,0,0,Ruim
133,8865.83,6,3,17092.3700000,2,0,90,14,0,0,Bom
171,1000.00,1,0,0.0000000,0,0,0,1,0,0,Ruim
171,1000.00,12,2,6555.6600000,12,0,90,58,1,14,Bom
63,1760.00,1,0,0.0000000,0,0,19,1,0,0,Bom
113,7966.66,24,3,19023.1500000,6,0,21,18,0,0,Bom
170,800.00,8,0,0.0000000,0,0,5,10,0,0,Bom
164,750.00,1,0,0.0000000,0,0,6,0,0,0,Bom
115,4200.00,3,1,10431.3600000,42,0,58,8,0,0,Bom
88,1500.00,1,0,0.0000000,0,0,23,1,0,0,Bom
78,1300.00,1,0,0.0000000,0,0,12,0,0,0,Bom
132,3456.67,1,0,0.0000000,0,0,69,3,0,0,Bom
164,5975.00,20,1,45642.8600000,45,1,56,20,0,0,Bom
104,415.00,1,0,0.0000000,0,0,0,1,0,0,Bom
55,2670.00,1,1,19248.6500000,6,0,3,2,0,0,Bom
107,850.00,1,0,0.0000000,0,0,0,0,0,0,Ruim
69,3416.67,1,0,3485.8500000,1,0,1,0,0,0,Bom
172,1500.00,13,0,0.0000000,0,0,55,12,0,0,Bom
110,380.00,33,0,0.0000000,0,0,57,68,0,0,Bom
98,666.67,3,0,0.0000000,0,0,61,43,3,1,Bom
66,1958.33,1,0,0.0000000,0,0,12,23,1,0,Bom
168,9008.33,4,0,0.0000000,0,0,9,1,0,0,Bom
94,1800.00,4,0,0.0000000,0,0,4,0,0,0,Bom
88,1350.00,2,0,0.0000000,0,0,53,13,0,0,Bom
146,9000.00,13,0,0.0000000,0,0,35,5,0,0,Bom
48,4450.00,2,1,18031.9500000,1,0,2,0,0,0,Bom
12,2113.80,0,1,4836.8900000,25,0,6,5,0,0,Bom
111,380.00,2,0,0.0000000,0,0,4,71,0,0,Bom
105,24000.00,1,1,1888.6600000,1,0,4,5,0,0,Bom
55,733.33,0,1,5902.1400000,6,0,3,1,0,0,Bom
138,3390.00,1,0,0.0000000,0,0,0,1,0,0,Bom
123,2706.67,0,1,4879.2300000,27,1,13,8,0,0,Bom
156,11025.00,6,1,20944.3100000,7,0,17,3,0,0,Bom
148,800.00,1,0,0.0000000,0,0,5,1,0,0,Bom
66,1116.92,0,1,0.0000000,0,6,1,8,0,2,Ruim
76,1408.33,1,0,0.0000000,0,0,6,30,0,0,Bom
139,800.00,1,0,0.0000000,0,0,0,1,0,0,Bom
79,4500.00,5,2,15812.0700000,48,0,164,10,0,0,Bom
124,29000.00,0,2,13838.7900000,9,0,5,1,0,0,Bom
99,1300.00,6,2,5433.6100000,28,0,112,27,0,0,Bom
120,2083.33,8,0,0.0000000,0,0,5,7,0,0,Bom
82,354.17,2,0,0.0000000,0,0,13,27,1,0,Bom
133,5000.00,1,0,0.0000000,0,0,5,1,0,0,Bom
173,498.33,8,0,0.0000000,0,0,35,12,0,0,Bom
72,2800.00,1,0,0.0000000,0,0,8,16,0,0,Bom
110,2979.17,19,1,14280.6900000,27,0,83,71,5,1,Bom
112,2425.00,8,0,0.0000000,0,0,29,13,0,0,Bom
112,480.00,2,0,0.0000000,0,0,94,14,0,0,Bom
94,4000.00,4,3,30599.4000000,66,0,153,16,0,0,Bom
126,800.00,3,0,0.0000000,0,0,13,30,0,0,Bom
112,816.67,7,0,0.0000000,0,0,83,84,7,8,Bom
94,17966.67,7,1,15493.4700000,9,0,86,18,0,0,Bom
169,800.00,1,0,0.0000000,0,0,0,2,0,0,Bom
76,2000.00,1,0,0.0000000,0,0,5,10,0,0,Bom
110,7108.33,5,4,58202.2700000,54,0,24,11,0,0,Bom
76,3262.46,2,1,1302.8200000,14,0,35,59,0,0,Bom
166,800.00,0,2,0.0000000,0,9,5,3,0,1,Bom
166,800.00,6,0,0.0000000,0,0,41,1,0,0,Bom
119,667.50,1,0,0.0000000,0,0,46,26,0,0,Bom
121,1653.00,6,1,1100.0100000,5,0,67,12,0,0,Bom
164,800.00,2,0,0.0000000,0,0,2,4,0,0,Bom
128,2916.67,4,0,0.0000000,0,0,5,4,0,0,Bom
40,900.00,1,0,0.0000000,0,0,12,0,0,0,Bom
98,4950.00,34,1,3327.4900000,6,0,94,104,3,1,Bom
168,1000.00,2,0,0.0000000,0,0,5,1,0,0,Bom
144,2100.00,2,1,5683.8500000,6,0,77,23,0,0,Bom
144,2500.00,3,0,0.0000000,0,0,21,5,0,0,Bom
168,4500.00,0,0,0.0000000,0,1,0,0,0,0,Ruim
168,4500.00,19,2,15060.2300000,32,0,97,66,0,0,Bom
152,1000.00,1,0,0.0000000,0,0,4,7,0,0,Ruim
152,1000.00,1,0,0.0000000,0,0,1,0,0,0,Bom
128,800.00,1,0,0.0000000,0,0,0,1,0,0,Bom
113,10199.99,7,3,27148.4900000,2,0,85,5,0,0,Bom
85,1800.00,0,1,3633.1300000,19,0,2,3,0,0,Bom
61,1775.00,1,1,0.0000000,0,0,45,4,0,0,Bom
69,308224.00,11,5,43916.2100000,56,0,12,75,0,0,Bom
47,271122.00,3,0,0.0000000,0,0,5,20,0,0,Bom
172,12000.00,3,0,0.0000000,0,0,3,0,0,0,Bom
133,41250.00,3,0,0.0000000,0,0,55,2,0,0,Bom
165,303136.49,13,2,11828.1100000,4,0,42,22,0,0,Bom
113,268780.66,2,0,0.0000000,0,0,42,12,0,0,Bom
44,300000.00,6,0,0.0000000,0,1,0,26,2,0,Bom
9,208373.00,0,1,42416.2100000,40,1,4,4,0,0,Bom
106,0.01,9,0,0.0000000,0,0,20,3,0,0,Bom
106,0.01,1,0,0.0000000,0,0,0,0,0,0,Ruim
132,100000.00,17,0,0.0000000,0,0,23,10,0,0,Bom
98,0.01,1,0,0.0000000,0,0,1,0,0,0,Bom
44,65000.00,0,1,21042.0900000,16,0,16,16,0,0,Bom
154,180497.28,3,0,0.0000000,0,0,2,1,0,0,Bom
154,180497.28,0,1,0.0000000,0,1,0,0,0,0,Ruim
35,214041.56,0,1,0.0000000,0,1,0,0,0,0,Ruim
35,214041.56,2,0,0.0000000,0,0,0,2,0,0,Bom
39,175703.00,0,1,799.8900000,4,0,9,5,0,0,Bom
132,9600.00,9,0,0.0000000,0,0,19,21,0,0,Bom
25,1520619.46,7,1,32404.2000000,23,0,0,99,0,0,Bom
110,164843.28,9,1,247.5700000,1,0,36,34,0,0,Bom
71,150000.00,3,0,0.0000000,0,0,79,9,0,0,Bom
91,200000.00,16,0,0.0000000,0,0,32,41,2,0,Bom
99,0.01,2,0,0.0000000,0,0,0,2,0,0,Bom
88,302173.20,2,0,0.0000000,0,0,2,0,0,0,Bom
93,10000.00,4,0,0.0000000,0,0,37,47,0,0,Bom
93,0.01,1,0,0.0000000,0,0,1,0,0,0,Bom
93,0.01,0,2,0.0000000,0,4,0,0,0,0,Bom
93,600000.00,2,0,0.0000000,0,0,6,0,0,0,Bom
54,36000.00,0,2,0.0000000,0,37,11,7,0,1,Ruim
54,36000.00,8,0,0.0000000,0,0,22,0,0,0,Bom
83,44210.00,1,1,1567.4800000,10,0,40,22,0,0,Bom
79,0.01,3,0,0.0000000,0,0,2,29,1,0,Bom
58,1405501.05,6,1,26045.6400000,1,0,52,18,0,0,Bom
81,0.01,1,0,0.0000000,0,0,19,5,0,0,Bom
76,20000.00,1,0,0.0000000,0,0,1,1,0,0,Bom
51,15000.00,4,0,0.0000000,0,0,0,4,0,0,Bom
79,151000.00,18,2,86481.3900000,42,0,83,117,1,0,Bom
72,0.01,2,0,0.0000000,0,0,4,9,0,0,Bom
19,99999.00,1,0,0.0000000,0,0,15,0,0,0,Bom
72,60000.00,1,0,0.0000000,0,1,5,3,0,2,Ruim
72,60000.00,1,0,0.0000000,0,0,1,1,0,0,Bom
69,704261.13,3,1,31986.7000000,1,0,1,2,0,0,Bom
49,12000.00,1,0,0.0000000,0,0,0,1,0,0,Bom
60,34000.00,1,0,0.0000000,0,0,1,0,0,0,Bom
48,60000.00,8,0,0.0000000,6,6,1,33,2,4,Bom
55,60000.00,2,0,0.0000000,0,0,18,20,0,0,Bom
35,255263.25,1,2,2951.1300000,4,0,14,14,2,5,Bom
35,15000.00,1,1,2479.6500000,12,0,6,1,0,0,Bom
51,0.01,1,0,0.0000000,0,0,0,1,0,0,Bom
17,60000.00,0,1,6618.8800000,20,0,1,15,0,0,Bom
36,16800.00,1,0,0.0000000,0,0,24,0,0,0,Bom
33,365000.00,0,1,48006.7000000,5,0,16,3,0,0,Bom
14,52800.00,0,1,8903.7500000,38,0,9,1,0,0,Bom
34,439158.82,24,2,8546.4100000,2,0,2,104,0,0,Bom
7,1327818.25,0,1,285459.1000000,1,0,0,0,0,0,Bom
37,25000.00,1,0,0.0000000,0,0,0,1,0,0,Bom
16,55000.00,0,1,8559.3900000,21,2,3,7,2,3,Bom
11,168646.00,0,2,37481.9300000,55,3,6,11,0,0,Bom
8,30000.00,0,1,8855.1500000,29,1,3,4,0,0,Bom
7,1741406.31,0,2,78004.3300000,24,1,0,1,0,0,Bom
75,10000.00,1,0,0.0000000,0,0,0,2,0,0,Bom
36,157463.46,2,0,0.0000000,0,1,0,5,0,0,Bom
106,1937573.86,59,1,58745.9400000,20,0,438,95,2,4,Bom
176,0.01,5,0,0.0000000,0,0,6,3,0,0,Bom
5,879689.30,0,2,54162.5100000,1,0,1,5,0,0,Bom
51,12000.00,0,1,0.0000000,0,1,0,0,0,0,Ruim
106,129363.20,1,0,0.0000000,0,0,2,0,0,0,Bom
