StatusCc,MesesCc,HistCredit,PropEmp,MontEmp,Invest,TrabAtual,PercentRend,EstCivil,OutrosDev,ResidAtual,TipoResid,Idade,OutrosParc,TipoMoradia,NumEmpAtivo,TipoTrab,NumPessoas,Telefone,TrabEstr,class
1,6,412,5,5,3,4,167,3,2,1,2,1,0,0,1,0,0,1,0,0,1,1
248,260,1,3,2,2,122,3,1,1,1,1,0,0,1,0,0,1,0,0,1,2
412,421,1,4,3,3,149,3,1,2,1,1,0,0,1,0,0,1,0,1,0,1
142,279,1,4,3,4,245,3,1,2,1,1,0,0,0,0,0,0,0,0,1,1
124,349,1,3,3,4,453,3,2,2,1,1,1,0,1,0,0,0,0,0,1,2
436,291,5,3,3,4,435,3,1,2,2,1,0,0,1,0,0,0,0,1,0,1
424,228,3,5,3,4,253,3,1,1,1,1,0,0,1,0,0,1,0,0,1,1
236,269,1,3,3,2,335,3,1,1,2,1,0,1,1,0,1,0,0,0,0,1
412,231,4,4,1,4,161,3,1,1,1,1,0,0,1,0,0,1,0,1,0,1
230,452,1,1,4,2,328,3,2,1,1,1,1,0,1,0,0,1,0,0,0,2
212,213,1,2,2,1,325,3,1,1,1,1,1,0,1,0,1,0,0,0,1,2
148,243,1,2,2,4,224,3,1,1,1,1,0,0,1,0,1,0,0,0,1,2
212,216,1,3,2,1,322,3,1,1,2,1,0,0,1,0,0,1,0,0,1,1
124,412,1,5,3,4,360,3,2,1,1,1,1,0,1,0,0,1,0,1,0,2
115,214,1,3,2,4,328,3,1,1,1,1,1,0,1,0,1,0,0,0,1,1
124,213,2,3,2,2,332,3,1,1,1,1,0,0,1,0,0,1,0,1,0,2
424,424,5,5,3,4,253,3,2,1,1,1,0,0,1,0,0,1,0,0,1,1
130,081,5,2,3,3,325,1,3,1,1,1,0,0,1,0,0,1,0,0,1,1
224,2,126,1,5,2,2,444,3,1,1,2,1,0,1,1,0,0,0,0,0,0,2
424,234,3,5,3,2,331,3,1,2,2,1,0,0,1,0,0,1,0,0,1,1
4,9,421,1,3,3,4,348,3,3,1,2,1,1,0,1,0,0,1,0,0,1,1
1,6,226,3,3,3,3,144,3,1,2,1,1,0,0,1,0,1,0,0,0,1,1
110,422,1,2,3,3,148,3,2,2,1,2,1,0,1,0,1,0,0,1,0,1
212,418,2,2,3,4,244,3,1,1,1,1,0,1,1,0,0,1,0,0,1,1
410,421,5,3,4,1,326,3,2,1,1,2,0,0,1,0,0,1,0,0,1,1
1,6,214,1,3,3,2,136,1,1,1,2,1,0,0,1,0,0,1,0,1,0,1
4,6,0,4,1,5,4,4,339,3,1,1,1,1,0,0,1,0,0,1,0,1,0,1
312,1,4,4,3,2,3,142,3,2,1,1,1,0,0,1,0,1,0,0,0,1,1
2,7,224,1,3,3,2,134,3,1,1,1,1,0,0,0,0,0,1,0,0,1,1
160,368,1,5,3,4,463,3,2,1,2,1,0,0,1,0,0,1,0,0,1,2
218,219,4,2,4,3,136,1,1,1,2,1,0,0,1,0,0,1,0,0,1,1
124,240,1,3,3,2,327,2,1,1,1,1,0,0,1,0,0,1,0,0,1,1
218,259,2,3,3,2,330,3,2,1,2,1,1,0,1,0,0,1,0,0,1,1
412,413,5,5,3,4,457,3,1,1,1,1,0,0,1,0,1,0,0,1,0,1
312,215,1,2,2,1,233,1,1,1,2,1,0,0,1,0,0,1,0,0,0,1
245,447,1,2,3,2,225,3,2,1,1,1,0,0,1,0,0,1,0,1,0,2
448,461,1,3,3,3,431,1,1,1,2,1,0,0,1,0,0,0,0,0,1,1
318,221,1,3,3,2,137,2,1,1,1,1,0,0,0,1,0,1,0,0,1,2
310,212,1,3,3,2,337,3,1,1,2,1,0,0,1,0,0,1,0,0,1,1
2,9,2,5,1,3,3,3,124,3,1,1,1,1,0,0,1,0,0,1,0,0,1,1
430,223,3,5,3,2,330,1,1,1,1,1,0,0,1,0,0,1,0,0,0,1
212,212,3,3,1,1,326,3,1,1,2,1,0,0,1,0,0,1,0,0,1,1
218,362,1,3,3,4,144,3,1,2,2,1,0,0,1,0,0,1,0,1,0,1
130,462,2,4,4,4,324,3,2,1,1,1,0,1,1,0,1,0,0,0,1,1
148,461,1,5,2,4,458,2,2,1,1,1,0,1,1,0,0,0,0,1,0,2
411,414,1,2,2,4,335,3,2,1,1,1,1,0,1,0,0,1,0,0,0,1
436,223,3,5,3,4,339,3,1,1,1,1,0,0,1,0,0,1,0,0,1,1
1,6,214,3,1,2,2,223,3,1,1,2,1,0,1,1,0,1,0,1,0,0,1
411,472,1,3,3,4,239,3,2,1,1,1,1,0,1,0,0,1,0,1,0,1
412,221,2,3,2,2,128,3,1,1,1,1,0,0,0,1,0,1,0,0,1,1
224,323,5,2,3,2,229,1,1,1,1,1,0,0,1,0,0,1,0,1,0,1
227,360,1,5,3,2,330,3,2,1,2,1,0,1,1,0,0,1,0,0,0,1
412,213,1,3,3,2,325,3,1,1,1,1,0,0,1,0,0,1,0,0,1,1
418,234,5,3,3,1,231,3,1,1,2,1,0,1,1,0,0,1,0,0,1,1
236,322,1,5,3,4,457,1,2,1,2,1,1,0,1,0,0,0,0,0,1,2
4,6,1,8,5,3,3,2,126,2,1,2,1,1,1,0,0,0,0,1,0,1,0,1
212,265,5,1,3,1,452,3,1,1,2,1,0,0,1,0,0,1,0,0,0,2
436,496,1,3,2,2,331,2,2,1,1,1,0,0,1,0,0,1,0,0,1,1
318,220,1,5,2,2,323,3,1,1,1,1,1,0,1,0,0,1,0,0,0,1
136,462,1,2,2,4,423,3,2,1,2,1,0,0,0,1,1,0,0,1,0,2
2,9,214,1,3,4,1,127,1,1,1,2,1,0,0,1,0,0,1,0,0,1,1
215,415,5,5,3,4,150,3,2,1,2,1,0,0,0,0,0,1,0,0,1,1
236,020,1,5,3,4,461,3,1,1,2,1,0,0,1,0,0,0,0,0,0,2
248,0,144,1,3,3,2,325,3,1,1,2,1,0,0,1,0,0,1,0,0,1,2
424,232,1,2,2,4,226,3,1,1,2,1,0,0,1,0,0,1,0,0,1,1
427,252,5,5,3,4,248,3,4,2,2,1,0,0,1,0,0,1,0,0,1,1
412,222,1,2,2,2,329,1,1,1,1,1,0,0,1,0,0,1,0,0,1,1
212,210,4,3,4,1,122,3,1,1,1,1,1,0,1,0,0,1,0,0,1,1
436,218,1,3,3,4,437,2,1,1,2,1,0,0,1,0,0,0,0,0,1,2
436,224,5,3,2,4,325,3,1,1,1,1,0,0,1,0,0,1,0,0,1,1
436,281,1,3,2,2,230,1,1,1,1,1,0,1,1,0,0,1,0,0,1,1
4,7,4,7,5,5,3,2,246,3,2,1,2,1,0,0,1,0,1,0,0,1,0,1
1,8,412,1,5,3,4,451,1,2,2,2,1,0,0,1,0,0,0,0,0,0,1
242,460,1,4,2,1,141,1,2,1,1,1,0,0,1,0,0,1,0,1,0,1
136,220,5,5,3,4,440,3,1,1,2,1,0,0,1,0,0,1,0,0,0,2
112,415,1,5,3,4,466,3,2,1,1,1,0,1,1,0,0,0,0,0,0,1
142,240,1,2,3,3,334,3,1,1,1,1,0,0,1,0,0,1,0,0,1,2
211,348,1,4,3,4,251,3,1,1,1,1,0,0,1,0,0,1,0,0,1,1
454,094,5,3,3,2,239,3,1,2,1,1,0,1,1,0,0,1,0,1,0,1
230,238,1,2,4,1,222,3,1,1,1,1,0,0,1,0,0,1,0,0,1,1
424,259,5,2,2,1,344,3,2,1,2,1,0,0,1,0,0,1,0,0,1,2
415,212,3,5,3,3,247,2,1,1,2,1,0,0,1,0,0,1,0,0,1,1
418,216,2,3,2,4,224,3,1,1,1,1,0,0,1,0,1,0,0,1,0,1
124,218,1,5,2,4,158,3,1,1,2,1,0,0,0,0,0,1,0,1,0,1
110,223,1,5,3,4,152,3,1,1,1,1,0,0,1,0,0,1,0,1,0,1
412,414,1,3,2,2,129,3,2,1,2,1,0,0,0,0,0,1,0,0,0,1
218,413,1,2,2,1,227,3,2,1,1,1,0,0,1,0,0,1,0,0,1,1
236,2,126,2,3,3,4,447,3,1,2,2,1,0,0,1,0,0,0,0,0,1,2
118,222,2,4,3,3,330,3,1,2,2,1,1,0,1,0,0,1,0,0,0,1
112,011,1,4,3,3,128,3,2,1,1,1,0,0,1,0,0,1,0,0,1,2
412,4,6,1,5,3,4,156,3,1,1,1,1,0,0,1,0,0,1,0,0,1,1
112,414,1,5,3,3,154,3,1,1,1,1,0,1,1,0,0,1,0,0,1,1
412,4,8,5,5,2,3,233,1,1,2,1,1,0,0,1,0,0,1,0,1,0,2
324,436,5,5,3,4,420,3,2,1,1,1,0,0,0,1,1,0,0,0,1,1
212,213,4,5,3,4,154,3,1,1,2,1,1,0,1,0,0,1,0,0,1,1
254,0,159,1,2,3,4,458,3,1,1,2,1,0,0,1,0,1,0,0,0,1,2
412,420,5,4,2,2,361,3,1,1,1,1,0,0,1,0,0,1,0,0,1,1
218,226,2,3,3,4,334,3,1,1,1,1,0,0,1,0,0,1,0,0,1,1
236,423,1,5,3,4,136,3,1,1,1,1,0,0,1,0,0,1,0,0,1,1
220,371,5,4,3,4,236,1,2,2,2,1,0,1,1,0,1,0,0,0,0,1
424,215,2,5,4,4,141,3,1,1,1,1,1,0,1,0,1,0,0,1,0,1
236,223,1,4,3,4,324,3,1,1,1,1,0,0,1,0,1,0,0,0,1,1
4,6,3,9,1,3,2,2,124,3,1,1,1,1,0,0,1,0,0,1,0,0,1,1
2,9,419,1,4,3,3,335,3,1,1,2,1,0,0,1,0,1,0,0,0,1,1
412,224,5,2,4,4,326,3,1,1,2,1,0,1,1,0,1,0,0,0,1,1
224,4,119,1,3,3,3,339,3,2,2,2,1,0,0,0,1,0,1,0,0,0,2
418,165,1,5,3,4,439,1,2,2,2,1,1,0,1,0,0,1,0,0,0,2
212,261,1,4,3,2,332,3,1,1,1,1,1,0,1,0,0,1,0,0,1,1
124,277,5,2,2,2,230,3,1,1,2,2,0,0,1,0,0,1,0,0,1,1
214,214,3,5,4,2,135,3,1,1,2,1,0,0,1,0,0,1,0,0,1,1
2,6,314,2,5,1,2,331,1,2,2,1,1,0,0,1,0,0,1,0,0,1,1
315,2,4,1,2,2,4,223,3,1,1,2,1,0,0,1,0,1,0,0,0,1,1
218,263,1,4,3,3,128,3,1,1,1,1,1,0,1,0,1,0,0,1,0,1
436,479,1,3,2,2,125,2,2,1,2,1,1,0,1,0,0,1,0,0,1,2
112,217,3,5,4,1,135,3,1,1,1,1,0,0,1,0,0,1,0,0,1,1
448,436,5,5,3,1,147,3,1,1,2,1,0,0,1,0,0,1,0,0,1,1
142,272,5,4,2,3,330,3,1,1,2,1,0,0,1,0,0,1,0,0,0,2
110,421,5,2,2,3,127,3,2,1,1,2,0,0,0,1,1,0,0,0,1,1
133,443,3,3,2,4,323,3,2,1,1,1,0,0,1,0,0,1,0,0,1,2
212,424,3,4,1,3,336,3,1,1,2,1,1,0,1,0,0,1,0,0,0,1
121,218,1,3,2,2,125,3,2,1,2,1,0,0,1,0,0,1,0,0,1,2
424,439,1,5,2,2,341,3,2,1,2,1,0,1,1,0,1,0,0,0,0,1
412,218,1,3,3,2,124,3,1,1,1,1,0,0,1,0,1,0,0,1,0,1
310,4,8,1,5,3,4,463,3,2,1,2,1,1,0,1,0,0,0,0,0,1,1
218,219,5,2,2,3,127,3,1,1,1,1,0,0,1,0,1,0,0,0,1,2
112,421,1,3,3,2,230,3,2,1,1,1,1,0,1,0,0,1,0,0,1,1
112,2,7,1,3,4,2,140,3,1,1,1,1,0,0,1,0,0,1,0,1,0,1
212,2,6,1,3,3,2,330,3,1,1,1,1,0,0,1,0,0,1,0,0,1,2
212,419,1,1,3,2,334,3,2,1,2,1,0,1,1,0,0,1,0,0,0,1
112,435,1,3,2,2,129,3,2,1,1,1,1,0,0,1,0,1,0,0,1,2
248,285,5,4,2,2,324,3,1,1,1,1,1,0,1,0,0,1,0,0,1,1
136,369,1,3,3,3,229,2,1,1,2,1,0,0,1,0,0,1,0,0,1,2
415,227,1,2,3,3,227,1,2,1,1,1,0,0,1,0,0,1,0,1,0,1
418,220,1,3,3,4,447,1,2,1,1,1,0,0,1,0,0,0,0,0,1,1
460,2,101,2,4,2,4,121,3,1,1,2,1,0,0,1,0,0,1,0,0,1,1
412,412,5,5,2,2,138,3,2,1,2,1,0,0,1,0,0,1,0,0,1,1
427,386,4,3,3,2,327,3,2,1,1,1,0,1,1,0,0,1,0,0,1,1
212,2,8,3,3,3,3,166,3,1,1,1,1,0,0,1,0,0,1,0,1,0,2
215,427,5,4,3,2,135,1,3,1,2,1,0,0,0,0,0,1,0,0,1,1
312,219,1,3,2,2,344,3,1,1,2,1,0,0,1,0,1,0,0,1,0,1
3,6,2,7,4,2,4,2,127,3,1,1,1,2,1,0,1,0,0,1,1,0,0,1
236,248,1,2,2,1,430,3,1,1,2,1,0,0,1,0,0,1,0,0,0,1
127,234,1,3,3,2,327,3,1,1,1,1,0,0,1,0,0,1,0,0,0,1
118,225,1,3,3,2,322,3,1,1,1,1,0,0,1,0,0,1,0,0,1,2
421,423,1,2,2,4,223,3,1,1,2,1,0,0,1,0,0,1,0,0,1,1
248,136,2,4,3,2,330,3,1,1,1,1,0,0,1,0,0,1,0,0,1,1
1,6,4,9,1,5,2,4,439,3,2,1,2,1,1,0,1,0,0,1,0,0,1,1
412,4,7,2,4,2,3,351,3,2,1,2,1,1,0,1,0,0,1,0,0,1,1
136,454,1,3,3,2,228,3,2,1,1,1,0,0,0,0,0,1,0,0,1,1
418,416,4,5,3,4,346,3,2,1,1,1,0,0,1,0,0,1,0,0,1,1
4,6,213,2,5,3,4,442,1,1,2,2,1,0,0,1,0,0,0,0,0,1,1
410,219,1,3,3,4,238,3,1,1,2,2,0,0,1,0,0,1,0,0,1,1
336,258,1,3,3,1,324,3,1,1,1,1,0,0,1,0,0,1,0,0,1,1
224,478,4,5,2,4,429,3,1,1,1,1,0,1,1,0,1,0,0,0,1,1
224,370,2,4,3,4,336,3,1,1,2,1,0,0,1,0,1,0,0,0,0,1
112,213,1,3,2,4,320,3,1,1,1,1,0,0,1,0,1,0,0,0,1,2
1,9,413,2,5,3,4,148,3,2,2,1,2,0,0,0,0,0,1,0,0,1,1
112,1,3,1,5,4,1,345,1,1,1,1,1,0,0,1,0,0,1,0,1,0,1
224,235,2,4,3,3,338,1,2,1,2,1,1,0,1,0,0,1,0,0,1,1
4,6,419,5,3,3,2,134,3,2,2,1,1,0,0,1,0,0,1,0,1,0,1
424,429,2,5,3,4,136,3,1,2,2,1,0,0,1,0,0,1,0,0,1,1
418,411,1,2,2,1,230,3,2,1,1,1,1,0,1,0,0,1,0,0,1,1
415,213,3,4,3,3,236,3,2,1,2,1,0,0,1,0,0,1,0,0,1,1
210,273,1,1,3,4,470,1,1,1,2,1,1,0,1,0,0,0,0,0,0,1
436,2,9,3,5,3,4,236,3,1,1,1,1,1,0,1,0,0,1,0,0,1,1
4,6,230,3,3,3,2,332,3,1,1,2,1,0,0,1,0,0,1,0,0,1,1
118,211,1,1,2,2,333,3,1,1,1,1,0,0,1,0,0,1,0,0,1,2
211,216,4,2,2,1,120,3,1,1,1,1,0,0,1,0,0,1,0,0,1,1
424,240,1,4,2,4,225,3,1,1,2,1,0,0,1,0,1,0,0,0,1,1
224,419,1,5,1,4,131,3,2,1,2,1,0,0,1,0,0,1,0,0,1,2
115,010,1,5,3,3,333,3,2,2,1,1,1,0,1,0,1,0,0,0,1,2
412,2,8,1,3,2,1,126,3,1,1,2,1,0,0,1,0,0,1,0,0,1,1
224,321,1,1,2,2,234,3,1,1,2,1,0,0,1,0,0,1,0,0,0,2
2,8,214,1,3,3,2,133,3,1,1,1,2,0,0,0,0,0,1,0,0,1,1
121,334,1,2,3,1,226,3,2,1,1,1,0,0,1,0,0,1,0,0,1,2
430,175,5,1,2,1,153,1,1,1,2,1,0,1,1,0,0,1,0,0,0,2
112,226,1,3,1,1,342,3,1,1,1,1,0,0,1,0,0,1,0,0,1,1
1,6,4,3,3,5,3,4,352,3,2,1,1,1,0,0,1,0,0,1,0,0,1,1
412,220,1,4,3,2,331,3,2,2,2,1,0,0,1,0,1,0,0,0,0,1
121,4,6,1,5,3,4,165,3,2,1,1,1,1,0,1,0,0,1,0,0,1,1
436,396,1,2,1,1,328,3,2,1,1,1,0,0,1,0,0,1,0,0,1,2
236,345,1,3,1,2,130,2,2,1,2,1,0,0,1,0,0,1,0,0,0,2
121,116,5,3,3,2,240,3,2,2,1,1,1,0,1,0,0,1,0,1,0,2
424,438,4,3,3,4,150,3,1,1,2,1,0,0,1,0,0,1,0,0,1,1
218,4,9,1,5,3,4,336,1,1,2,2,1,1,0,1,0,0,1,0,0,1,2
415,414,1,3,3,2,231,3,2,1,1,1,0,0,1,0,0,1,0,0,1,1
2,9,151,1,5,2,4,474,1,1,2,2,1,0,1,1,0,0,0,0,0,0,2
216,412,1,1,3,3,368,3,3,1,2,1,1,0,1,0,0,0,1,0,0,1
112,2,7,2,4,4,1,220,3,1,1,1,1,0,0,1,0,0,1,0,0,1,2
218,032,1,3,2,4,333,1,2,1,2,1,0,0,1,0,0,1,0,0,1,1
424,246,4,3,3,3,254,3,3,1,2,1,0,0,1,0,0,1,0,0,0,2
248,038,2,4,3,4,434,3,1,2,1,1,0,0,1,0,0,0,0,1,0,2
227,239,1,3,3,2,336,3,1,2,2,1,0,0,1,0,0,1,0,0,1,2
4,6,221,1,4,4,2,129,3,1,1,1,1,0,0,1,0,1,0,0,0,1,1
245,230,2,3,3,4,221,3,1,1,1,1,0,0,0,0,1,0,0,0,1,2
2,9,415,1,5,2,3,334,3,2,1,2,1,0,0,1,0,0,1,0,0,0,2
4,6,414,1,3,2,1,328,3,2,1,2,1,0,0,1,0,0,1,0,0,1,1
212,210,2,2,2,4,327,1,4,1,1,1,0,0,1,0,1,0,0,0,1,2
224,228,5,5,3,4,436,1,1,1,2,1,0,1,1,0,0,0,0,0,1,1
218,343,1,5,1,3,440,3,1,1,2,1,0,0,1,0,0,1,0,0,0,2
4,9,4,9,3,5,3,2,352,3,2,1,2,1,0,0,1,0,0,1,0,0,1,1
112,212,1,3,4,3,127,3,1,1,1,1,1,0,1,0,0,1,0,1,0,1
427,351,1,4,3,4,326,3,2,1,1,1,0,0,1,0,0,1,0,0,1,1
112,2,9,1,4,4,4,221,3,1,1,1,1,0,0,1,0,1,0,0,0,1,2
412,415,1,5,3,1,138,3,2,2,1,1,1,0,1,0,0,1,0,1,0,1
130,4,106,1,5,3,4,438,3,3,2,2,1,0,1,1,0,0,0,0,0,0,1
412,419,1,5,3,4,143,3,3,1,2,1,0,0,1,0,0,1,0,0,1,1
212,414,1,4,3,3,226,3,1,1,1,1,0,0,1,0,0,1,0,0,1,1
124,266,1,3,4,2,321,2,1,1,1,1,0,0,1,0,0,1,0,1,0,1
412,214,4,4,3,2,255,3,1,1,1,2,0,1,1,0,0,1,0,0,1,1
4,9,431,5,3,3,2,133,3,2,2,1,1,0,0,1,0,0,1,0,0,1,1
436,238,5,5,2,4,145,3,1,1,2,1,0,0,1,0,0,1,0,1,0,1
127,053,1,1,3,4,250,2,2,1,2,1,0,0,1,0,0,1,0,0,1,2
330,319,1,5,3,4,166,3,1,1,2,1,0,0,1,0,0,1,0,0,0,2
436,433,5,5,3,2,351,3,1,1,2,1,0,0,1,0,0,1,0,0,1,1
2,6,4,9,5,4,2,3,239,3,2,1,1,1,0,0,1,0,0,1,0,1,0,1
118,031,1,4,3,1,231,1,1,1,2,1,0,0,1,0,0,1,0,0,1,1
336,239,1,3,3,2,123,3,1,1,2,1,0,0,1,0,0,1,0,0,1,1
124,230,1,3,1,2,124,3,1,1,1,1,0,0,1,0,1,0,0,1,0,1
410,214,1,3,2,4,364,3,1,1,2,1,1,0,1,0,0,1,0,0,1,1
212,2,6,1,2,4,1,126,1,1,1,1,1,0,0,0,0,0,1,0,1,0,1
112,212,5,3,2,4,223,1,1,1,2,1,0,0,1,0,1,0,0,0,1,1
412,2,7,1,3,3,2,130,1,2,1,1,1,0,0,1,0,0,1,0,0,1,1
424,330,5,3,3,4,132,3,2,2,2,1,0,0,1,0,0,1,0,0,1,1
415,247,1,3,3,2,330,3,1,1,2,1,0,1,1,0,0,1,0,0,1,1
436,026,1,3,3,2,327,3,2,1,1,1,0,0,1,0,0,1,0,0,1,1
248,2,110,4,4,3,2,427,1,2,1,2,1,0,0,0,1,0,1,0,0,1,2
112,279,1,5,3,4,453,3,1,1,2,1,0,0,1,0,0,0,0,0,0,2
4,9,215,1,4,3,2,322,3,1,1,1,1,0,0,1,0,0,1,0,0,1,2
124,231,1,2,3,1,422,1,1,1,1,1,0,0,1,0,0,0,0,0,1,1
336,242,1,3,3,2,326,3,1,1,1,1,0,0,1,0,0,1,0,0,1,2
4,9,225,3,5,3,4,451,3,1,1,1,1,1,0,1,0,0,0,0,1,0,1
412,221,2,4,3,1,435,3,1,1,1,1,0,0,1,0,0,1,0,0,1,1
218,2,9,1,3,4,2,125,3,1,1,1,1,0,0,0,0,0,1,0,1,0,1
4,4,415,1,4,3,1,142,3,3,2,1,1,0,0,1,0,0,1,0,1,0,1
124,218,1,1,3,2,330,2,1,2,1,1,0,0,1,0,0,1,0,0,0,2
2,6,2,146,5,1,3,2,223,3,1,1,2,1,1,0,1,0,0,1,1,0,0,2
221,228,2,5,1,2,361,1,2,1,1,1,0,0,1,0,1,0,0,1,0,2
412,413,1,3,2,2,235,3,2,1,1,1,0,0,1,0,0,1,0,0,1,1
130,225,1,5,3,3,239,3,1,2,1,1,0,0,0,0,0,1,0,0,1,1
124,2,9,5,5,2,2,329,1,1,1,1,1,1,0,1,0,0,1,0,0,1,2
4,6,216,1,4,3,2,251,3,1,2,1,1,0,0,1,0,0,1,0,0,1,1
148,046,1,5,3,4,424,3,2,2,1,1,0,1,1,0,0,0,0,0,1,2
412,412,1,3,2,2,127,3,2,1,1,1,0,0,1,0,0,1,0,0,1,1
412,134,3,3,2,3,135,3,1,2,1,1,0,0,1,0,0,1,0,1,0,1
424,213,1,4,3,1,125,3,1,1,2,1,0,0,1,0,0,1,0,0,1,1
412,4,7,1,5,3,4,152,3,3,1,1,1,0,0,1,0,0,1,0,0,1,1
4,6,012,2,3,3,1,435,1,1,1,1,2,1,0,1,0,1,0,0,0,1,1
324,219,1,3,3,2,126,3,1,1,1,1,0,0,1,0,0,1,0,0,1,1
418,2,4,1,1,2,4,122,3,1,1,1,1,0,0,0,1,1,0,0,0,1,2
1,6,4,7,4,4,2,4,139,3,2,1,2,1,1,0,1,0,0,1,0,1,0,1
312,223,1,3,2,2,346,3,1,1,1,1,0,0,1,0,0,1,0,1,0,1
230,222,1,3,2,2,424,1,1,1,1,1,1,0,0,0,0,1,0,0,1,2
424,342,2,3,3,3,235,3,2,1,1,1,0,0,1,0,0,1,0,0,1,1
2,9,220,5,4,3,1,324,3,1,1,2,1,0,0,1,0,0,1,0,0,1,1
260,374,5,3,3,1,127,3,1,1,1,1,0,0,1,0,0,1,0,1,0,1
424,427,1,3,3,2,135,3,2,1,1,1,0,0,1,0,0,1,0,1,0,1
112,121,1,3,1,1,429,3,1,1,1,1,0,0,1,0,0,0,0,0,1,2
415,238,2,2,2,4,323,3,1,1,2,1,0,1,1,0,0,1,0,0,1,1
411,412,2,1,2,4,157,3,3,1,1,1,0,0,1,0,0,1,0,1,0,1
112,217,1,3,3,2,127,3,1,1,1,1,0,0,1,0,0,1,0,0,1,1
124,216,1,5,2,4,355,3,1,1,1,1,0,0,1,0,0,1,0,0,1,1
118,453,1,5,3,4,436,3,3,1,2,1,1,0,1,0,0,0,0,0,0,1
412,427,1,5,2,4,457,1,3,1,1,1,0,0,1,0,0,0,0,1,0,1
410,412,1,5,3,4,132,3,2,2,1,2,1,0,1,0,0,1,0,1,0,1
215,2,8,1,5,3,3,337,3,1,2,1,1,0,0,1,0,0,1,0,0,1,2
436,463,5,5,3,4,136,3,2,1,1,1,0,0,1,0,0,1,0,0,1,1
424,215,1,2,2,3,338,2,1,1,2,1,0,0,1,0,0,1,0,0,1,1
114,290,1,5,1,4,245,3,1,1,2,2,1,0,1,0,0,1,0,0,0,2
424,210,5,5,3,2,325,3,2,1,1,1,0,0,1,0,0,1,0,0,1,1
418,227,5,4,3,3,232,3,1,1,1,2,1,0,1,0,0,1,0,0,1,1
412,414,3,4,2,4,337,3,1,1,2,1,0,0,1,0,1,0,0,0,1,1
248,1,122,5,1,3,4,436,3,1,1,2,1,1,0,0,1,0,0,0,0,0,1
248,231,1,4,3,4,128,3,2,1,1,1,0,0,1,0,0,1,0,0,1,2
130,2,120,1,2,1,1,434,3,1,1,2,1,0,0,1,0,0,1,0,1,0,2
4,9,227,1,3,3,2,132,3,1,2,1,1,0,0,1,0,0,1,0,0,1,1
418,424,1,3,2,2,326,3,2,1,1,1,0,0,1,0,0,1,0,0,1,1
112,213,5,5,1,4,249,3,1,1,2,1,0,0,1,0,0,1,0,1,0,1
4,6,246,1,2,2,4,232,3,1,1,1,1,0,0,1,0,0,1,0,0,1,2
424,219,2,3,3,4,329,3,1,1,2,1,0,0,1,0,1,0,0,0,0,1
415,434,4,5,3,4,423,3,2,1,2,1,0,1,1,0,1,0,0,0,1,1
412,216,1,3,3,2,150,3,1,1,1,1,0,0,1,0,0,1,0,0,1,1
318,114,5,4,3,4,349,1,1,1,1,1,0,0,1,0,0,1,0,1,0,1
415,415,5,5,3,4,263,3,1,1,1,1,0,0,1,0,0,1,0,0,1,1
224,439,2,2,1,2,337,3,1,1,2,1,1,0,1,0,0,1,0,0,1,1
147,2,107,1,2,2,1,135,3,1,1,2,1,1,0,1,0,0,1,0,1,0,1
148,248,1,4,3,3,226,3,1,2,1,1,0,1,1,0,0,1,0,0,1,1
248,376,2,1,3,4,431,3,1,1,2,1,0,0,1,0,0,0,0,0,0,1
212,211,1,3,2,4,149,3,2,1,2,1,0,0,0,0,0,1,0,0,1,1
124,310,1,2,4,4,148,2,1,1,1,1,0,0,1,0,0,1,0,0,1,2
412,211,1,3,4,2,126,3,1,1,2,2,0,0,1,0,0,1,0,0,1,1
236,294,1,2,4,4,328,3,1,1,2,1,0,1,1,0,1,0,0,0,0,2
124,464,1,5,2,4,444,3,2,2,2,1,0,1,1,0,0,0,0,0,0,1
342,448,1,5,3,4,456,3,1,1,1,1,0,1,1,0,0,0,0,0,1,1
448,476,5,5,1,2,346,1,2,2,1,1,0,0,1,0,0,1,0,0,0,1
248,2,100,1,2,2,2,326,3,1,1,2,1,0,0,1,0,0,1,0,0,1,2
412,247,5,2,2,4,320,3,1,1,1,1,0,1,1,0,1,0,0,0,1,1
410,213,5,5,3,2,245,3,1,1,1,2,1,0,0,1,0,1,0,1,0,1
418,225,1,3,3,4,143,3,1,1,2,1,0,0,1,0,0,1,0,0,1,1
221,427,4,4,3,2,332,3,2,1,2,1,0,0,1,0,0,1,0,0,1,1
4,6,2,7,1,1,2,4,154,3,1,1,2,1,1,0,1,0,0,1,1,0,0,1
236,038,1,3,2,1,342,3,1,1,2,1,0,0,1,0,0,1,0,0,1,2
324,413,5,4,3,2,137,1,2,2,1,1,1,0,1,0,0,1,0,1,0,2
110,410,1,4,3,3,249,3,2,1,2,1,1,0,0,1,0,1,0,0,1,1
448,4,101,3,3,3,2,444,1,1,1,1,1,1,0,1,0,0,0,0,0,1,2
4,6,215,4,3,1,2,133,3,1,1,1,1,0,0,1,0,0,1,0,0,1,1
430,248,5,4,2,4,224,2,1,1,1,1,0,1,1,0,1,0,0,1,0,1
112,2,7,2,2,4,3,433,3,1,1,2,1,0,0,1,0,0,1,0,1,0,2
2,8,212,1,3,2,4,124,3,1,1,1,1,0,0,1,0,0,1,0,0,1,2
2,9,2,3,1,3,4,4,122,3,1,1,1,1,1,0,1,0,1,0,0,1,0,1
248,254,5,1,3,4,440,1,1,1,2,1,0,0,1,0,0,0,1,0,0,1
424,255,2,3,3,1,325,2,1,1,1,1,0,0,1,0,0,1,0,0,1,1
324,237,1,2,2,4,326,3,1,1,1,1,0,0,1,0,0,1,0,0,1,1
212,2,7,1,4,4,3,325,1,1,1,1,1,1,0,1,0,0,1,0,1,0,2
3,4,215,5,2,3,2,129,3,1,2,1,2,1,0,1,0,0,1,0,1,0,1
136,127,1,5,3,4,331,1,1,1,1,1,0,0,1,0,0,1,0,0,1,2
112,2,7,1,3,3,3,238,3,1,2,1,1,0,0,0,0,0,1,0,1,0,1
224,244,5,3,2,4,248,3,1,1,2,1,0,0,1,0,0,1,0,1,0,1
412,4,7,1,3,3,2,332,3,2,1,1,1,0,0,1,0,0,1,0,0,1,1
115,336,1,5,2,4,227,3,2,1,1,1,0,0,1,0,0,1,0,1,0,1
230,442,1,1,4,2,328,3,2,1,1,1,1,0,1,0,0,1,0,0,0,2
124,219,1,2,1,3,232,3,1,1,1,1,0,0,1,0,0,1,0,0,1,2
124,229,1,4,3,1,434,3,1,1,2,1,0,1,1,0,0,0,0,0,0,1
118,227,4,3,3,2,328,3,1,1,1,1,0,0,1,0,0,1,0,0,1,1
418,410,1,3,2,3,136,3,2,1,1,1,1,0,1,0,0,1,0,0,1,1
1,8,434,1,4,3,4,139,3,2,1,1,2,1,0,1,0,0,1,0,1,0,1
412,458,5,5,3,4,249,3,1,1,2,1,0,0,1,0,1,0,0,0,1,1
424,215,4,4,2,3,334,3,1,2,2,1,1,0,1,0,0,1,0,0,1,1
336,245,1,5,3,2,331,3,1,1,1,1,0,0,1,0,0,1,0,0,1,1
2,6,211,1,5,3,4,328,3,1,2,1,1,0,0,1,0,0,1,0,0,1,1
124,466,1,1,3,4,475,3,2,1,2,1,0,1,1,0,0,0,0,0,0,1
418,419,2,3,2,2,130,3,2,1,1,1,0,0,1,0,0,1,0,0,1,2
260,274,2,2,2,2,224,3,1,1,1,1,1,0,1,0,0,1,0,0,0,2
448,4,116,2,3,2,4,324,1,2,1,1,1,0,1,1,0,1,0,0,1,0,2
124,041,1,5,3,4,423,1,2,2,1,1,0,0,1,0,1,0,0,0,1,2
1,6,434,1,3,1,4,144,3,1,1,2,1,0,0,1,0,1,0,0,0,0,2
213,221,1,2,2,4,223,3,1,1,1,1,0,0,0,0,0,1,0,1,0,1
115,213,5,3,2,2,324,3,1,1,1,1,0,0,1,0,1,0,0,0,1,2
124,242,1,3,3,4,228,3,1,1,1,1,0,0,1,0,0,1,0,0,1,1
210,215,1,3,1,2,331,3,1,1,1,1,0,0,1,0,0,1,0,1,0,1
224,457,1,2,2,4,424,3,2,1,2,1,0,0,1,0,0,0,0,0,1,1
121,236,1,4,2,4,326,3,1,1,1,1,0,0,1,0,1,0,0,1,0,1
218,232,3,2,4,3,125,3,1,1,1,1,0,0,1,0,1,0,0,0,1,1
218,244,1,5,3,1,133,1,1,1,2,1,0,0,0,1,0,1,0,0,0,1
310,239,1,2,3,1,237,3,1,2,1,1,1,0,0,0,0,1,0,1,0,1
415,415,1,3,2,2,343,3,1,1,1,1,0,0,1,0,0,1,0,1,0,1
213,4,9,1,2,3,4,123,3,2,1,1,1,0,0,0,0,0,1,0,0,1,1
224,238,3,1,2,4,423,3,1,1,1,1,0,0,1,0,1,0,1,0,0,1
4,6,317,2,3,3,2,134,3,2,1,1,1,0,0,1,0,0,1,0,1,0,1
2,9,411,4,5,3,3,432,3,2,2,1,1,0,0,1,0,0,0,0,0,1,2
4,9,212,1,2,2,4,123,3,1,1,2,1,0,0,1,0,1,0,0,0,1,1
2,9,210,1,3,2,2,329,3,1,1,1,2,0,0,1,0,0,1,0,0,1,2
418,432,5,1,3,4,438,3,1,1,2,1,0,1,1,0,0,1,0,0,0,1
112,062,1,3,3,2,228,3,2,1,2,1,0,0,1,0,1,0,0,0,1,2
410,2,7,3,5,3,4,446,3,1,1,2,1,0,0,1,0,0,0,0,0,1,1
224,212,1,2,3,2,123,2,1,1,1,1,1,0,1,0,0,1,0,1,0,2
412,423,5,5,3,4,149,3,1,1,2,1,0,0,0,1,0,1,0,0,1,1
436,345,1,3,3,2,326,3,2,1,2,1,0,0,1,0,0,1,0,0,0,2
412,2,8,1,3,4,2,128,3,1,1,1,1,0,0,1,0,0,1,0,0,1,1
130,224,1,4,2,4,123,3,1,1,1,1,0,0,1,0,1,0,0,0,1,2
218,212,5,3,3,4,461,3,1,1,1,1,0,0,1,0,0,0,0,0,1,1
312,234,5,5,3,3,337,3,1,1,1,1,0,0,1,0,0,1,0,0,0,1
312,322,1,3,2,2,336,2,2,1,2,1,1,0,1,0,0,1,0,0,1,1
4,6,218,1,3,4,2,221,3,1,1,1,1,0,0,1,0,1,0,0,0,1,1
118,225,1,1,3,1,325,3,1,1,1,1,0,0,1,0,0,1,1,0,0,2
412,215,1,4,3,4,336,3,1,1,2,1,0,0,1,0,0,1,0,0,1,1
418,438,1,4,3,1,327,3,2,1,1,1,0,1,1,0,0,1,0,0,1,1
118,236,1,2,2,4,322,3,1,1,1,1,0,0,1,0,1,0,0,0,1,1
136,234,1,5,3,2,342,3,1,2,1,1,0,0,1,0,0,1,0,0,1,2
218,230,1,4,2,4,140,3,1,1,1,1,0,0,1,0,1,0,0,0,1,1
436,231,5,3,3,4,136,3,1,1,1,1,1,0,1,0,0,1,0,0,1,1
418,461,1,5,3,4,333,3,2,1,2,1,0,0,1,0,0,1,0,0,1,1
410,421,1,2,2,3,123,3,2,1,1,1,0,0,1,0,1,0,0,0,1,1
460,4,138,5,5,3,4,463,1,1,1,2,1,1,0,1,0,0,0,0,0,0,1
260,1,148,2,5,2,4,460,1,2,1,2,1,0,0,1,0,0,0,0,0,0,2
148,177,1,4,2,4,337,3,1,1,1,1,0,0,0,0,1,0,0,0,1,2
418,323,1,1,4,3,134,3,2,1,1,1,0,0,1,0,0,1,0,0,1,1
4,7,3,8,5,5,3,4,436,3,1,1,1,1,0,0,1,0,0,0,0,0,1,1
236,2,143,1,5,3,2,457,3,1,1,2,1,1,0,1,0,0,0,0,0,0,2
4,6,4,4,2,3,2,4,352,3,2,1,1,1,1,0,1,0,0,1,0,1,0,1
120,222,5,4,3,4,339,3,1,1,2,1,0,0,1,0,0,1,0,0,1,1
218,2,130,1,1,2,4,438,3,1,1,2,1,0,1,1,0,0,0,0,0,0,2
422,213,5,4,2,4,225,3,1,1,1,1,1,0,1,0,1,0,0,0,1,1
312,213,1,2,3,1,126,3,1,1,1,1,1,0,1,0,0,1,0,0,1,1
430,343,2,3,3,2,226,3,2,1,1,1,0,0,1,0,0,1,0,1,0,1
418,422,1,3,2,1,325,3,2,1,1,1,0,0,1,0,0,1,0,0,1,1
418,211,5,2,2,2,121,3,1,1,2,1,0,0,1,0,1,0,0,0,1,1
218,474,1,1,3,4,240,2,2,1,2,1,0,0,1,0,0,1,0,0,0,1
215,423,3,3,3,4,327,1,1,1,1,1,0,0,1,0,0,1,0,0,1,1
4,9,214,1,4,2,2,327,3,2,1,1,1,0,0,1,0,0,1,0,0,1,1
418,218,1,3,4,2,230,3,1,1,2,1,1,0,1,0,0,1,0,0,0,1
212,210,4,2,2,4,119,3,1,1,1,1,0,0,1,0,1,0,0,1,0,1
136,232,1,4,3,4,439,1,1,2,2,1,1,0,1,0,0,0,0,0,0,1
1,6,420,1,4,2,4,331,3,1,1,1,1,0,0,1,0,0,1,0,0,1,1
4,9,424,1,1,3,3,331,3,1,1,1,1,0,0,1,0,0,1,0,0,0,1
239,3,118,2,4,3,3,432,3,1,1,2,1,0,0,1,0,1,0,0,0,1,1
112,226,1,1,2,4,455,3,1,1,1,1,0,0,1,0,0,0,0,0,0,1
136,423,1,3,4,2,246,3,2,1,2,1,0,0,1,0,0,1,0,0,1,1
212,212,1,5,1,1,146,3,2,1,1,1,1,0,1,0,1,0,0,0,1,2
424,415,4,3,2,1,143,3,2,1,1,1,0,0,1,0,0,1,0,1,0,1
418,215,1,2,4,4,139,3,1,1,2,1,0,0,1,0,0,1,0,0,1,1
218,419,5,3,4,4,128,1,2,1,1,1,0,0,1,0,0,1,0,0,1,1
424,386,1,2,3,2,327,1,2,1,2,1,0,0,1,0,0,1,0,0,1,2
414,3,8,1,3,3,2,327,3,2,1,1,1,1,0,1,0,0,1,0,1,0,1
218,329,5,5,3,4,343,3,1,2,1,1,1,0,1,0,0,1,0,0,1,1
224,220,1,2,4,1,222,3,1,1,2,1,0,0,1,0,0,1,0,0,1,2
424,422,5,4,3,4,343,3,2,2,2,1,0,1,1,0,0,1,0,0,1,1
115,211,1,2,4,2,127,3,1,1,1,2,0,0,1,0,0,1,0,0,1,1
424,232,3,5,1,2,326,3,1,1,2,1,0,0,1,0,0,1,0,0,0,1
312,4,9,3,4,4,2,128,3,3,1,2,1,1,0,1,0,0,1,0,0,1,2
224,220,1,5,2,4,320,3,1,1,2,1,0,0,1,0,0,1,0,0,1,1
433,473,1,4,3,2,335,3,2,1,2,1,0,1,1,0,0,1,0,0,0,1
412,423,1,1,3,2,342,2,2,1,2,1,0,0,1,0,0,1,0,0,0,2
410,216,3,3,3,2,440,3,1,2,1,2,1,0,1,0,1,0,0,1,0,1
124,214,5,3,2,2,235,3,1,1,1,1,1,0,1,0,0,1,0,0,1,2
436,458,1,5,3,2,235,3,2,2,2,1,0,1,1,0,0,1,0,0,1,1
112,226,1,2,3,1,133,3,1,2,1,1,1,0,1,0,0,1,0,1,0,2
118,385,5,3,2,2,323,3,2,1,2,1,0,0,1,0,1,0,0,0,1,1
421,228,3,4,2,2,331,1,1,1,1,1,1,0,1,0,0,1,0,0,0,1
218,210,5,3,2,2,233,3,1,1,1,1,1,0,1,0,0,1,0,0,1,2
415,232,4,4,2,3,320,3,1,1,1,1,1,0,1,0,1,0,0,0,1,1
212,220,5,3,3,2,330,3,1,1,1,1,0,1,1,0,0,1,0,0,1,1
212,410,1,4,3,3,147,3,2,2,1,1,1,0,1,0,0,1,0,1,0,1
421,316,2,4,3,3,134,3,2,1,1,1,0,0,1,0,0,1,0,0,0,1
212,228,5,5,2,2,225,1,1,1,2,1,0,0,1,0,0,1,0,0,1,2
218,228,1,3,4,3,321,3,1,1,2,1,0,1,1,0,1,0,0,0,1,1
428,427,1,5,3,2,329,3,2,1,1,1,0,0,1,0,0,1,0,0,1,1
418,411,4,3,3,3,146,3,2,1,1,1,0,0,1,0,0,1,0,0,1,1
4,9,213,1,5,3,4,320,3,1,1,1,1,0,0,1,0,0,1,0,0,1,1
118,412,1,1,2,4,455,3,3,2,1,1,0,0,1,0,0,0,1,0,0,2
4,5,234,1,4,3,4,174,3,1,1,1,1,0,0,1,0,0,1,0,1,0,1
224,2,113,1,3,3,3,329,1,2,1,2,1,0,0,0,1,0,1,0,0,0,2
1,6,419,1,1,3,4,436,3,3,1,2,1,0,0,1,0,0,0,0,0,0,1
424,421,1,3,1,2,133,3,2,1,2,1,0,0,1,0,0,1,0,0,1,1
1,9,221,1,3,3,2,125,3,1,1,1,1,0,0,1,0,0,1,0,0,1,1
212,215,5,3,4,1,125,3,1,1,2,1,0,0,1,0,0,1,0,0,1,2
4,6,2,7,3,4,4,4,123,3,1,1,1,1,0,0,1,0,1,0,0,1,0,1
424,413,4,5,2,4,137,3,2,1,2,1,1,0,1,0,0,1,0,0,1,1
142,434,1,1,3,4,365,3,2,1,1,1,0,0,0,1,0,1,1,0,0,1
312,1,6,1,2,2,1,126,3,1,1,1,1,0,0,1,0,0,1,1,0,0,2
412,219,1,5,3,4,339,3,1,1,2,1,1,0,1,0,0,1,0,0,0,1
112,216,1,3,2,3,230,3,1,1,1,1,0,0,0,1,0,1,0,0,1,1
220,326,1,3,3,3,329,1,2,1,2,1,0,0,1,0,0,1,0,0,1,1
412,2,7,1,5,3,4,341,1,1,2,1,1,0,0,1,0,0,1,0,1,0,2
248,451,1,3,2,3,330,3,1,1,2,1,0,0,1,0,0,1,0,0,0,2
4,9,412,5,5,2,4,241,3,2,1,1,1,0,0,1,0,1,0,0,1,0,1
136,218,1,2,2,4,334,3,1,1,2,1,1,0,1,0,0,1,0,0,1,2
2,7,226,1,3,3,2,135,3,1,1,1,1,0,0,0,0,0,1,0,0,1,1
312,214,5,5,2,4,155,3,1,1,2,1,0,0,1,0,0,1,0,0,0,1
215,315,4,3,4,3,261,2,2,1,1,1,0,0,1,0,0,1,0,0,1,2
436,4,111,5,3,3,2,330,3,1,1,2,1,0,1,1,0,0,1,0,0,0,1
4,6,2,5,1,3,2,1,129,3,1,1,1,1,0,0,1,0,0,1,0,0,1,1
412,028,1,5,3,4,234,3,2,1,1,1,0,0,1,0,0,1,0,0,1,1
424,227,1,5,3,4,335,3,1,1,2,1,0,1,1,0,0,1,0,0,0,1
124,248,1,4,3,3,231,3,1,1,2,1,1,0,0,1,0,1,0,0,1,2
424,227,1,2,2,1,429,3,1,1,2,1,0,1,1,0,0,1,0,0,0,1
111,439,1,3,3,2,136,3,2,2,1,1,1,0,1,0,1,0,0,0,1,1
112,234,1,5,3,4,435,3,1,1,2,1,0,1,1,0,0,0,0,0,1,2
1,6,2,3,1,2,2,1,127,3,1,1,1,1,0,0,1,0,0,1,0,0,1,1
418,246,1,2,3,2,332,3,1,1,2,1,0,0,1,0,0,1,0,0,1,1
136,236,1,3,3,2,237,3,1,2,1,1,0,0,0,0,0,1,0,0,1,1
115,217,1,2,3,3,136,3,1,1,1,1,1,0,1,0,0,1,0,0,1,1
212,230,1,2,2,1,134,3,1,1,1,1,0,0,1,0,1,0,0,0,0,1
212,2,8,5,5,3,4,238,3,2,1,1,1,0,0,1,0,0,1,0,0,1,1
418,220,1,4,3,1,334,2,2,1,2,1,0,0,1,0,0,1,0,0,1,1
124,229,1,3,3,4,463,1,1,2,2,1,0,1,0,0,0,1,0,0,1,1
124,317,1,2,2,2,329,3,1,1,2,1,0,0,1,0,1,0,0,1,0,2
448,372,5,5,3,3,332,1,2,2,1,1,0,0,1,0,0,1,0,0,1,1
433,328,1,3,2,2,326,3,2,1,2,1,0,0,1,0,0,1,0,0,1,1
424,347,1,4,3,3,335,3,2,1,2,1,0,1,1,0,0,1,0,1,0,1
224,231,2,2,4,2,322,3,1,1,2,1,0,0,1,0,1,0,0,0,1,2
1,6,2,4,1,2,2,4,223,3,1,1,1,1,0,0,1,0,0,1,0,0,1,2
1,9,2,7,1,3,3,3,328,3,1,1,1,1,1,0,1,0,0,1,0,1,0,2
4,6,212,5,1,3,4,236,3,1,2,2,1,0,0,1,0,0,1,0,0,0,1
218,412,1,3,4,2,333,3,1,1,1,1,0,0,1,0,0,1,0,0,1,2
118,031,1,2,2,4,226,3,1,1,1,1,0,0,1,0,1,0,0,0,1,2
439,226,3,3,3,4,324,3,1,1,1,1,0,1,1,0,0,1,0,0,1,1
324,252,1,4,3,2,325,1,1,1,1,1,0,0,1,0,0,1,0,0,1,1
212,210,2,4,3,4,139,3,1,1,1,1,0,0,1,0,0,1,0,1,0,1
115,415,1,5,3,4,344,3,2,2,2,1,0,0,1,0,0,1,0,0,1,1
212,436,1,3,2,1,123,3,1,1,1,1,0,0,1,0,0,1,0,1,0,1
224,212,1,2,3,1,226,3,1,1,1,1,1,0,1,0,0,1,0,0,1,1
130,236,4,5,2,4,257,3,2,1,2,1,0,0,1,0,1,0,0,0,1,1
415,310,4,4,2,2,230,3,2,1,1,1,0,0,1,0,0,1,0,0,1,1
412,412,3,3,3,4,144,3,1,1,2,1,1,0,1,0,0,1,0,0,1,1
2,6,312,1,1,3,4,247,3,1,1,2,1,1,0,1,0,0,1,0,0,0,2
412,231,1,3,3,4,352,3,1,1,2,1,0,0,1,0,0,1,0,0,1,1
424,238,1,5,2,4,462,3,1,1,2,1,1,0,0,1,0,0,0,0,1,1
410,214,2,3,3,2,135,3,1,1,1,2,1,0,1,0,1,0,0,1,0,1
4,6,235,1,3,3,3,226,3,1,1,1,1,1,0,0,0,1,0,0,0,1,1
412,419,1,5,3,2,426,3,2,1,1,1,0,0,1,0,0,1,0,0,1,1
227,083,1,5,2,4,442,3,2,1,2,1,0,0,1,0,0,0,0,0,0,2
4,6,412,2,3,2,1,227,3,2,1,1,1,0,0,1,0,0,1,0,0,1,1
2,6,2,4,5,5,3,4,238,3,1,1,1,1,0,0,1,0,0,1,0,0,1,1
112,421,1,3,3,2,139,3,2,2,1,2,1,0,1,0,1,0,0,1,0,1
124,230,5,3,4,4,320,3,1,1,1,1,0,0,1,0,0,1,0,0,1,2
236,290,2,2,3,1,429,3,1,1,2,1,0,0,0,1,1,0,0,0,0,2
424,416,1,4,3,3,240,3,2,1,1,1,0,0,1,0,0,1,0,0,1,1
218,213,1,5,4,2,132,3,1,1,1,1,0,0,0,0,0,1,0,1,0,1
3,6,413,2,5,1,4,328,3,2,2,2,1,1,0,1,0,0,1,0,0,1,1
124,231,1,2,2,1,227,3,1,1,1,1,1,0,1,0,0,1,0,0,1,2
136,255,1,5,3,4,442,3,1,2,1,1,0,1,1,0,0,0,0,0,1,1
3,9,211,2,5,1,4,149,3,1,1,1,1,0,0,1,0,0,1,0,0,1,1
224,412,2,2,3,4,438,1,2,2,1,1,0,0,1,0,0,1,0,0,1,2
124,212,1,2,2,4,224,3,1,1,1,1,1,0,1,0,1,0,0,0,1,2
410,213,5,3,3,4,227,3,1,1,1,1,1,0,0,0,0,1,0,1,0,2
315,424,3,3,3,2,336,3,1,1,2,1,0,1,1,0,0,1,0,0,1,1
215,168,2,1,3,2,234,3,1,2,2,1,1,0,1,0,0,1,0,0,0,2
424,214,1,3,4,2,228,3,1,1,1,1,0,0,1,0,0,1,0,0,1,1
439,286,2,5,3,2,345,3,1,1,2,1,0,1,1,0,0,1,0,0,0,1
112,2,8,1,4,3,2,126,3,1,1,1,1,1,0,1,0,0,1,0,0,1,2
436,247,1,3,3,2,432,3,1,1,2,1,0,1,1,0,0,0,0,0,0,1
315,227,1,4,3,4,226,3,1,1,2,1,0,0,1,0,1,0,0,0,1,1
212,3,6,1,3,4,4,120,3,2,1,1,1,0,0,0,1,1,0,0,0,1,1
424,223,5,2,3,1,254,3,1,1,1,1,1,0,1,0,0,1,0,0,1,1
1,6,4,6,1,4,2,3,237,3,2,1,1,2,1,0,1,0,0,1,0,0,1,1
1,6,414,1,2,3,4,140,3,1,2,1,2,1,0,1,0,0,1,0,1,0,1
436,471,1,2,2,4,223,3,2,1,2,1,0,0,1,0,1,0,0,0,1,2
1,6,212,2,5,3,2,243,3,1,1,2,1,1,0,1,0,0,1,0,0,1,1
4,6,4,7,5,5,3,4,436,3,2,1,1,1,0,0,1,0,0,0,0,0,1,1
424,455,1,5,3,4,444,3,2,1,1,1,0,0,1,0,0,0,0,0,1,1
118,232,1,3,2,2,124,3,1,1,1,1,0,0,1,0,0,1,0,0,1,2
148,071,1,3,3,4,453,3,2,2,1,1,0,0,1,0,0,0,0,0,1,2
424,235,2,4,2,4,323,3,1,1,1,1,0,1,1,0,0,1,0,0,1,1
218,211,1,3,2,4,126,3,1,2,1,1,0,0,0,0,0,1,0,1,0,1
226,280,1,2,3,3,330,3,2,1,1,1,0,1,1,0,0,1,0,0,1,1
415,415,2,3,2,3,331,3,1,1,1,1,0,0,1,0,0,1,0,0,1,1
4,4,415,1,4,3,1,142,3,2,2,1,1,0,0,1,0,0,1,0,1,0,1
136,223,1,3,1,4,331,3,1,1,1,1,0,0,1,0,1,0,0,0,1,2
1,6,2,7,1,2,3,4,141,3,1,2,2,1,1,0,1,0,0,1,0,1,0,1
236,223,1,4,3,1,332,3,2,2,1,1,0,0,1,0,0,1,0,0,1,1
215,226,2,3,2,4,328,3,2,1,2,1,1,0,1,0,1,0,0,0,1,2
412,315,1,3,4,4,141,3,1,1,1,1,0,1,1,0,1,0,0,0,1,1
424,213,2,4,4,3,226,3,1,1,2,1,0,0,1,0,0,1,0,0,1,1
424,231,5,2,3,2,325,3,2,1,1,1,0,0,1,0,0,1,0,0,1,1
321,423,1,2,1,1,333,3,1,1,1,1,0,0,1,0,1,0,0,0,1,2
1,6,214,5,1,2,3,275,3,1,1,2,1,1,0,1,0,0,1,0,0,0,1
218,436,1,5,2,4,237,3,1,1,2,1,0,0,1,0,0,1,0,0,1,1
148,278,1,5,3,4,442,1,1,1,1,1,1,0,1,0,0,0,0,0,0,2
318,230,1,2,2,1,245,2,1,1,1,1,0,0,1,0,0,1,0,1,0,1
212,215,1,2,4,1,123,3,1,1,1,1,0,0,1,0,1,0,0,0,1,2
424,320,1,5,3,4,460,3,2,1,2,1,1,0,1,0,0,0,0,0,1,1
130,264,5,5,3,4,231,3,1,1,1,1,0,0,1,0,0,1,0,0,1,2
318,229,1,3,3,1,134,3,1,2,1,1,0,0,1,0,0,1,0,1,0,2
412,413,1,5,3,4,161,3,2,1,1,1,1,0,1,0,0,1,0,1,0,1
124,313,1,1,3,2,143,3,2,2,1,1,1,0,1,0,0,0,0,0,1,2
424,420,1,3,2,4,337,3,1,1,2,1,1,0,1,0,0,1,0,0,1,1
424,216,1,4,3,1,332,1,1,2,1,1,0,0,1,0,0,1,0,0,1,1
112,1,6,1,3,2,4,124,1,1,1,1,1,0,0,1,0,0,1,0,1,0,2
448,489,5,4,3,1,435,3,2,1,2,1,0,1,1,0,0,0,0,0,1,1
412,410,5,4,2,4,123,3,2,1,1,1,0,0,1,0,0,1,0,0,1,1
4,6,118,3,5,3,4,245,1,1,2,1,1,0,0,1,0,0,1,0,1,0,1
148,270,1,4,4,1,134,3,2,1,2,1,0,0,0,0,0,1,0,0,1,2
212,420,2,2,3,1,327,3,1,1,1,1,1,0,1,0,0,1,0,0,1,1
2,9,212,1,4,2,4,267,3,2,1,2,1,0,0,1,0,0,1,0,0,0,1
212,213,1,2,3,1,322,2,1,1,1,1,0,0,1,0,0,1,0,0,1,2
218,023,2,2,2,3,328,3,2,1,1,1,1,0,1,0,0,1,0,0,1,2
421,050,5,3,2,4,229,1,2,1,2,1,1,0,1,0,0,1,0,0,1,2
124,136,1,4,3,4,327,1,1,1,1,1,0,0,1,0,0,1,0,0,1,2
218,419,1,2,3,2,131,3,2,1,1,1,0,0,1,0,0,1,0,1,0,2
124,230,5,5,3,4,449,1,1,2,2,1,0,1,1,0,0,0,0,0,1,1
124,115,1,4,3,4,324,1,1,1,1,1,0,0,0,0,1,0,0,1,0,2
3,6,3,7,1,2,2,1,229,1,1,1,1,1,0,0,1,0,0,1,0,0,1,1
236,2,124,5,3,3,4,437,3,1,1,2,1,1,0,1,0,0,0,0,0,1,2
224,347,5,3,3,2,237,1,2,1,2,1,0,0,1,0,0,1,0,0,0,1
224,316,2,4,2,2,223,3,2,1,2,1,0,0,1,0,1,0,0,0,1,1
112,214,1,4,1,3,336,3,1,1,1,1,1,0,1,0,0,1,0,0,1,2
424,426,4,5,3,2,334,3,1,1,1,1,0,0,1,0,0,1,0,0,1,1
248,240,5,4,3,1,341,3,2,2,2,1,0,0,1,0,0,1,0,0,1,1
148,268,1,3,2,2,331,3,1,1,2,1,0,0,1,0,0,1,0,0,1,2
124,232,1,2,2,4,123,3,1,1,2,1,0,0,1,0,1,0,0,1,0,2
430,460,1,4,3,2,338,3,1,1,1,1,0,0,0,1,0,1,0,0,1,1
424,254,5,1,2,4,226,3,1,1,2,1,0,1,1,0,1,0,0,0,0,1
115,2,8,1,3,2,4,222,3,1,1,1,1,0,0,1,0,0,1,0,1,0,1
2,9,211,1,5,3,4,327,3,2,1,1,1,0,0,1,0,0,1,0,1,0,1
415,428,1,4,2,3,324,1,2,1,1,1,0,0,0,1,0,1,0,0,1,1
212,229,1,4,2,1,127,3,1,1,1,1,0,0,1,0,0,1,0,0,1,1
424,419,5,3,2,2,333,3,2,1,2,1,0,0,1,0,0,1,0,0,1,1
236,428,1,2,1,4,327,3,2,1,1,1,1,0,1,0,0,1,0,0,1,2
424,2,9,1,2,4,3,327,3,2,1,1,1,0,0,1,0,0,1,0,1,0,1
218,411,1,5,3,3,130,1,2,1,1,1,1,0,0,0,0,1,0,0,1,2
212,431,1,2,3,3,149,1,2,2,1,1,1,0,1,0,0,1,0,1,0,1
4,9,214,1,3,2,2,126,3,1,1,1,1,0,0,1,0,1,0,0,0,1,1
236,224,1,2,3,1,433,3,1,1,1,1,0,0,1,0,1,0,0,1,0,2
412,221,5,5,2,4,452,3,1,1,2,1,1,0,1,0,0,0,0,0,0,1
118,220,1,3,2,4,120,1,1,1,1,1,0,0,1,0,1,0,0,0,1,2
1,9,428,1,3,3,2,136,3,2,2,1,1,1,0,1,0,1,0,0,0,1,1
112,213,1,3,3,1,221,3,1,1,1,1,0,0,0,0,0,1,0,1,0,1
118,212,1,3,4,3,147,3,1,1,2,1,0,0,1,0,0,1,0,1,0,2
112,422,1,5,3,3,260,3,2,1,1,1,0,0,1,0,0,1,0,0,1,2
112,4,4,1,4,2,3,158,3,4,1,2,1,0,0,1,0,0,1,0,1,0,1
224,320,5,3,2,4,342,3,2,1,2,1,1,0,1,0,1,0,0,0,1,1
421,216,4,5,2,4,136,1,1,1,1,1,0,0,1,0,0,1,0,1,0,1
224,227,1,3,2,4,220,3,1,1,2,1,1,0,1,0,1,0,0,1,0,2
124,114,5,5,3,3,340,2,1,1,2,1,0,0,1,0,0,1,0,0,0,2
2,6,1,9,2,2,2,1,232,2,1,1,1,1,1,0,1,0,0,1,0,1,0,2
124,214,1,4,2,4,323,3,2,1,1,1,1,0,1,0,1,0,0,0,1,2
224,042,1,3,3,4,136,3,3,1,2,1,0,0,1,0,0,1,0,1,0,2
418,428,1,4,3,2,231,1,2,1,1,1,1,0,1,0,0,1,0,0,1,2
424,339,1,3,3,2,432,3,1,1,1,1,0,0,1,0,0,0,0,0,1,1
2,7,223,1,2,2,1,145,3,1,1,1,1,0,0,0,0,0,1,0,0,1,1
2,9,2,9,1,3,2,1,230,3,1,1,1,1,0,0,1,0,0,1,0,0,1,2
224,118,1,4,2,4,434,1,1,1,1,1,0,0,1,0,0,0,0,1,0,2
436,233,1,3,2,2,328,3,1,1,2,1,0,0,1,0,0,1,0,0,0,2
310,213,1,2,2,2,223,3,1,1,1,1,0,0,1,0,0,1,0,0,1,1
124,128,3,3,3,4,122,2,1,1,2,1,0,0,1,0,0,1,0,0,1,1
424,445,1,3,3,2,174,3,1,1,2,1,0,0,1,0,0,1,0,0,0,1
236,227,2,3,2,4,450,3,1,1,1,1,0,0,0,1,0,0,0,0,1,2
418,221,1,2,3,1,133,3,1,1,1,1,0,0,1,0,0,1,0,0,1,1
415,213,5,5,3,4,445,1,1,2,1,1,0,1,1,0,0,0,0,0,1,1
112,2,7,2,1,2,3,222,3,1,1,1,1,0,0,1,0,0,1,0,0,1,2
310,212,2,5,2,4,448,3,1,2,1,1,1,0,1,0,0,0,0,1,0,2
121,234,4,2,2,2,329,1,1,1,1,1,0,0,1,0,0,1,0,0,1,1
124,136,1,3,2,4,322,1,1,1,1,2,0,1,0,0,1,0,0,0,1,1
418,318,1,4,2,1,122,3,1,1,1,1,0,0,1,0,0,1,0,0,1,2
248,0,122,5,3,3,2,348,1,1,1,2,1,0,0,1,0,0,1,0,0,0,1
260,392,5,3,3,2,427,3,1,1,1,1,0,0,1,0,0,0,0,0,0,1
1,6,437,1,3,3,3,137,3,3,2,1,1,1,0,1,0,1,0,0,0,1,1
230,234,2,3,2,4,321,3,1,1,1,1,0,0,0,1,1,0,0,0,1,2
412,2,6,1,3,1,2,149,3,1,1,1,1,1,0,1,0,0,1,0,1,0,1
221,437,1,4,3,3,227,3,2,1,1,1,0,0,1,0,0,1,0,0,1,1
418,415,1,3,3,2,232,1,2,1,1,1,1,0,1,0,0,1,0,0,1,2
448,239,5,3,1,2,138,1,1,1,1,1,0,0,1,0,0,1,0,0,1,2
112,219,1,2,2,1,322,3,1,1,1,1,0,0,1,0,1,0,0,0,1,1
118,226,1,3,3,4,465,3,2,1,1,1,0,0,1,0,0,0,0,0,1,2
415,220,5,5,3,2,335,3,1,1,1,1,0,0,1,0,0,1,0,0,1,1
3,6,221,1,3,3,2,141,3,1,1,2,1,0,0,1,0,0,1,0,0,1,1
2,9,114,2,4,3,3,429,3,1,1,1,1,1,0,1,0,0,1,0,0,1,2
442,440,3,3,3,4,136,3,2,1,2,1,0,0,1,0,0,1,0,0,1,1
4,9,238,5,5,3,4,164,3,1,1,1,1,0,0,1,0,0,1,0,1,0,1
124,237,1,3,2,4,328,3,1,1,1,1,0,0,1,0,0,1,0,0,1,1
118,116,1,3,3,3,344,1,1,1,1,1,0,0,1,0,0,1,0,0,1,2
215,214,5,2,3,1,223,3,1,1,1,1,0,0,1,0,0,1,0,0,1,1
4,9,220,1,2,2,2,319,3,2,1,1,1,0,0,0,1,1,0,0,0,1,2
224,214,1,2,2,4,325,3,1,1,2,1,1,0,1,0,0,1,0,1,0,2
412,214,1,5,3,4,247,1,3,2,2,1,0,0,1,0,0,1,0,0,1,1
424,214,3,4,2,1,328,3,1,1,1,1,0,0,1,0,0,1,0,0,1,1
460,3,157,1,4,3,4,321,3,2,1,2,1,0,0,1,0,0,1,0,0,1,1
412,215,1,2,2,3,334,3,1,2,1,1,0,0,1,0,0,1,0,0,1,1
142,344,1,4,3,2,226,1,2,2,2,1,0,0,1,0,0,1,0,0,1,2
118,2,8,1,1,2,1,127,3,1,1,1,1,0,0,1,0,0,1,1,0,0,2
215,213,1,5,3,4,338,3,2,1,1,1,0,0,1,0,0,1,0,1,0,1
415,246,2,3,3,2,240,3,1,1,2,1,0,0,1,0,0,1,0,0,0,2
424,419,1,4,4,2,333,3,2,1,2,1,0,0,0,0,0,1,0,0,1,1
118,419,1,4,4,1,232,3,2,1,2,1,0,0,1,0,0,1,0,0,0,1
436,380,5,2,3,4,327,3,2,1,2,1,0,0,1,0,1,0,0,0,1,2
130,046,1,3,1,2,132,3,2,1,1,1,0,0,0,0,0,1,0,0,1,1
412,214,3,3,2,2,226,3,1,1,1,1,1,0,1,0,0,1,0,0,1,2
324,2,9,1,4,3,3,438,1,1,2,1,1,1,0,1,0,0,0,0,0,1,2
112,2,7,1,3,3,4,340,3,1,2,1,1,0,0,1,0,1,0,0,1,0,2
148,275,1,4,3,1,450,3,1,1,2,1,0,0,1,0,0,0,0,0,0,1
212,219,1,3,3,2,237,3,1,1,1,1,0,0,1,0,0,1,0,1,0,2
124,223,1,5,3,1,145,3,1,1,1,1,1,0,0,1,0,1,0,0,1,2
236,381,2,5,3,4,342,3,4,1,2,1,1,0,1,0,0,1,0,0,0,2
424,423,1,4,3,3,335,3,2,1,2,1,0,1,1,0,0,1,0,0,1,1
114,240,1,1,3,4,422,3,1,1,1,1,1,0,1,0,0,0,0,0,1,1
212,2,9,1,5,3,4,341,1,1,2,1,1,1,0,1,0,0,1,0,1,0,2
448,2,102,5,4,3,3,337,2,1,1,2,1,0,0,1,0,0,1,0,0,1,1
230,042,1,3,2,1,328,3,2,1,1,1,0,0,1,0,0,1,0,0,1,1
218,464,1,5,3,1,441,3,1,1,2,1,0,0,1,0,0,1,0,0,1,1
312,213,1,3,4,4,123,3,1,1,1,1,0,0,1,0,1,0,0,0,1,1
112,2,9,5,3,4,2,323,3,1,1,1,1,1,0,1,0,0,1,0,0,1,2
421,222,1,5,3,2,150,3,2,1,1,1,0,0,1,0,0,1,0,0,1,1
2,6,310,1,1,3,1,235,2,2,1,2,1,0,0,1,0,0,1,0,0,0,1
3,6,410,1,3,2,4,250,3,1,1,1,1,0,0,1,0,0,1,0,1,0,1
424,463,1,1,3,2,427,1,2,1,2,1,0,0,0,1,0,1,0,0,0,1
230,135,4,3,3,2,334,2,1,2,2,1,0,0,1,0,0,1,0,0,1,1
448,136,1,3,2,1,127,2,1,1,1,1,0,0,1,0,0,1,0,0,1,1
112,448,1,5,3,4,243,3,2,1,2,1,1,0,0,1,1,0,0,0,1,2
330,430,1,5,3,4,247,3,1,1,1,1,0,0,1,0,0,1,0,0,1,1
424,441,2,3,3,3,227,3,2,1,2,1,0,0,1,0,0,1,0,1,0,1
436,257,2,4,3,2,331,3,2,1,2,1,0,0,1,0,0,1,0,0,1,1
460,2,104,1,5,3,4,242,3,1,1,2,1,1,0,1,0,0,1,0,0,0,1
4,6,421,3,3,4,2,324,3,1,1,1,1,1,0,1,0,0,1,0,0,1,1
421,326,3,2,3,2,141,1,1,2,1,1,0,0,1,0,0,1,0,1,0,2
430,445,1,4,2,4,326,3,1,1,2,1,0,0,1,0,1,0,0,0,0,1
424,452,1,5,3,4,333,3,1,1,2,1,0,0,1,0,0,1,0,0,1,1
272,256,2,3,4,2,324,3,1,1,1,1,0,0,1,0,0,1,0,0,1,2
124,224,1,5,3,4,164,1,1,1,1,1,0,0,1,0,1,0,0,1,0,1
418,215,1,2,2,1,126,3,1,1,1,1,0,0,1,0,0,1,0,0,1,1
4,6,215,1,2,2,2,456,3,1,1,1,1,0,0,1,0,0,1,0,0,1,1
412,223,5,3,3,4,437,3,1,1,2,1,0,0,1,0,0,0,0,0,1,1
415,315,1,3,4,3,133,1,2,1,1,1,0,0,1,0,0,1,0,0,1,1
424,451,1,2,4,3,447,3,3,1,2,1,0,0,1,0,0,0,0,0,1,1
236,399,2,4,3,3,231,3,2,2,2,1,0,0,1,0,0,1,0,1,0,1
460,265,5,3,3,4,434,3,1,2,2,1,1,0,1,0,0,0,0,0,1,1
310,413,5,4,3,2,227,3,2,1,2,1,0,0,1,0,0,1,0,0,1,1
236,329,2,5,3,3,430,3,1,1,1,1,1,0,1,0,0,0,0,0,1,1
4,9,228,2,5,3,4,335,3,1,1,2,1,0,0,0,1,0,1,0,0,1,1
112,237,4,3,3,3,231,3,1,2,1,1,1,0,1,0,0,1,0,0,1,1
115,410,1,3,1,3,225,3,2,1,1,1,0,0,1,0,0,1,0,0,1,1
215,226,2,3,2,2,125,3,1,1,1,1,0,0,1,0,0,1,0,1,0,1
224,229,2,2,3,1,329,3,1,1,1,1,0,0,1,0,0,1,0,0,1,1
1,6,447,5,2,3,3,144,3,2,2,1,1,1,0,1,0,0,1,0,1,0,1
424,223,1,4,3,2,328,3,1,1,2,1,0,0,1,0,0,1,0,0,1,1
4,6,212,3,3,3,4,250,3,1,1,1,1,0,1,1,0,1,0,0,0,1,1
212,211,1,4,3,3,129,3,2,1,1,2,0,0,0,0,0,1,0,0,1,1
412,4,9,1,1,2,2,238,3,1,1,1,1,1,0,1,0,0,1,1,0,0,1
418,418,1,3,3,2,324,3,2,1,1,1,0,0,1,0,0,1,0,0,1,1
315,219,1,5,3,4,340,3,1,1,2,1,0,0,1,0,1,0,0,0,0,1
412,211,3,3,2,4,329,3,1,1,1,1,0,0,1,0,1,0,0,1,0,2
148,463,1,5,3,4,446,3,2,1,2,1,0,1,1,0,0,0,0,0,1,2
324,214,2,5,2,2,447,3,1,1,2,1,0,0,1,0,0,0,0,0,1,1
230,325,2,5,3,2,241,2,2,1,1,1,0,0,1,0,0,1,0,0,1,1
227,225,1,2,2,1,232,3,1,2,2,1,0,0,1,0,0,1,0,0,1,1
415,253,3,5,2,4,435,3,1,1,1,1,1,0,1,0,0,0,0,0,1,1
248,266,2,4,3,2,224,3,1,1,1,1,1,0,1,0,0,1,0,0,1,2
212,030,1,2,2,3,225,3,2,1,1,1,0,0,1,0,1,0,0,0,1,2
2,9,212,1,5,2,4,125,3,1,1,1,1,0,0,1,0,0,1,0,0,1,1
2,9,221,1,3,3,2,137,3,1,2,1,1,0,0,1,0,0,1,0,1,0,1
418,4,6,3,5,3,3,232,1,2,1,2,1,0,0,1,0,0,1,0,0,0,1
1,6,112,1,5,2,4,435,3,1,1,1,1,0,0,1,0,0,0,0,0,1,2
421,225,5,5,3,4,146,3,1,1,2,1,0,1,1,0,0,1,0,0,0,1
1,9,411,1,3,3,4,125,3,2,1,1,1,0,0,1,0,0,1,0,1,0,1
260,2,140,1,4,3,2,427,3,1,1,2,1,1,0,1,0,0,1,0,0,0,2
430,476,5,5,3,4,363,3,2,1,1,1,0,1,1,0,0,1,0,0,1,1
430,431,5,5,3,2,340,3,2,2,2,1,0,0,1,0,0,1,0,0,1,1
418,215,1,3,3,2,432,3,1,1,2,1,0,0,1,0,0,0,0,0,0,1
324,431,5,3,3,2,331,3,2,1,2,1,0,0,1,0,0,1,0,0,1,1
220,061,2,5,4,4,331,1,2,1,2,1,0,1,1,0,0,1,0,0,1,1
3,9,013,1,2,3,2,334,3,2,1,2,1,0,0,1,0,0,1,0,0,0,2
2,6,1,4,4,2,2,2,224,1,1,2,1,1,0,0,1,0,1,0,0,0,1,2
112,212,1,3,2,2,124,3,1,1,1,1,1,0,1,0,0,1,0,1,0,2
2,9,2,8,3,3,2,3,166,3,1,1,1,1,0,0,1,0,0,1,0,1,0,1
427,226,1,3,2,3,121,3,1,1,1,1,1,0,1,0,1,0,0,0,1,2
4,6,4,2,4,3,2,2,141,1,2,1,1,1,1,0,1,0,0,1,0,1,0,1
415,413,3,3,4,2,247,3,2,1,1,1,0,0,1,0,0,1,0,1,0,1
118,219,1,3,2,4,325,1,2,1,1,1,0,0,1,0,1,0,0,0,1,2
248,164,1,5,2,3,459,3,1,1,1,1,0,0,1,0,1,0,0,0,1,2
324,413,4,3,1,4,136,3,2,1,2,1,0,0,1,0,0,1,0,0,1,1
224,364,1,2,3,2,333,3,1,1,1,1,0,0,1,0,0,1,0,0,1,1
124,220,1,3,3,4,121,3,1,2,1,1,0,0,1,0,1,0,0,1,0,2
2,8,2,8,1,4,2,2,144,3,1,1,1,1,0,0,0,0,0,1,0,1,0,1
424,226,4,3,2,4,328,3,1,1,2,1,0,1,1,0,1,0,0,0,1,1
4,4,434,1,4,2,1,137,3,1,2,1,1,1,0,1,0,0,1,0,0,1,1
236,140,5,2,2,2,429,1,1,1,1,1,0,0,1,0,0,1,1,0,0,1
224,2,116,1,3,2,4,323,3,2,1,1,1,0,1,1,0,1,0,0,0,0,2
118,244,2,3,3,4,335,3,1,2,2,1,1,0,1,0,0,1,0,1,0,1
4,6,468,1,4,3,3,445,3,2,2,2,1,1,0,1,0,0,1,0,0,0,1
230,043,2,3,2,4,326,3,2,1,1,1,0,0,1,0,1,0,0,1,0,2
124,123,2,4,3,3,332,1,1,1,1,1,1,0,1,0,0,1,0,0,1,1
210,110,1,3,3,4,123,2,1,1,1,1,0,0,1,0,0,1,0,1,0,1
421,232,5,5,3,3,241,3,1,1,2,1,0,0,1,0,0,1,0,0,1,1
124,125,3,3,3,4,122,2,1,1,2,1,0,0,1,0,0,1,0,0,1,1
139,4,142,5,4,3,4,230,3,2,1,2,1,0,0,1,0,0,1,0,0,0,1
113,418,1,2,3,1,228,1,2,1,1,1,0,0,1,0,0,1,0,1,0,1
115,225,1,1,2,4,323,3,1,1,1,1,1,0,1,0,1,0,0,0,1,1
112,213,1,2,2,1,137,3,1,1,1,1,1,0,1,0,0,1,0,1,0,2
421,252,5,3,3,3,326,3,1,1,1,1,0,1,1,0,0,1,0,0,1,1
415,230,1,4,3,2,333,3,1,1,1,1,0,1,1,0,0,1,0,0,1,1
1,6,2,4,1,5,2,1,249,1,1,1,2,1,0,0,1,0,0,1,0,0,1,1
118,210,1,2,2,2,323,3,1,1,1,1,1,0,1,0,0,1,0,1,0,2
212,2,8,2,4,2,4,123,3,1,1,1,1,0,0,1,0,1,0,0,1,0,1
430,458,1,4,2,2,325,3,2,1,1,1,0,0,1,0,0,1,0,0,1,1
412,316,4,5,3,4,455,3,2,2,1,1,0,0,1,0,0,0,0,0,1,2
124,213,5,4,2,4,432,3,1,1,1,1,1,0,1,0,1,0,0,0,1,2
3,6,413,1,3,3,1,174,3,3,2,1,2,1,0,1,0,0,1,1,0,0,1
315,413,5,3,3,4,439,3,2,1,2,1,0,0,1,0,0,0,0,0,1,2
424,214,1,3,3,2,131,3,1,1,2,1,1,0,0,0,0,1,0,0,1,1
112,4,7,1,5,3,3,235,3,2,1,1,1,1,0,1,0,0,1,0,0,1,2
415,450,5,5,2,4,359,3,1,1,2,1,1,0,1,0,0,1,0,0,1,1
118,421,1,3,2,4,124,3,2,1,1,1,0,0,1,0,1,0,0,0,1,2
112,222,1,3,3,3,224,3,1,1,1,1,0,0,1,0,0,1,0,1,0,1
421,4,127,5,5,3,4,430,3,1,1,2,1,1,0,1,0,0,0,0,0,0,2
424,425,2,4,4,3,227,3,2,1,2,1,1,0,1,0,0,1,0,0,1,1
212,212,1,5,4,3,140,1,2,1,1,1,0,0,0,0,0,1,0,1,0,1
130,231,1,2,1,4,231,3,1,1,1,1,0,0,1,0,0,1,0,1,0,2
410,229,5,2,2,4,131,3,1,1,1,1,0,1,1,0,1,0,0,0,1,1
212,436,1,5,3,4,328,3,3,1,2,1,0,0,1,0,1,0,0,0,1,1
412,417,1,5,3,4,163,3,2,1,2,1,0,0,1,0,0,1,0,1,0,1
124,228,5,5,2,4,126,3,1,1,1,1,0,1,1,0,1,0,0,0,1,1
136,481,1,3,2,2,425,3,2,1,2,1,0,0,1,0,0,1,0,0,0,2
421,433,1,5,3,4,336,3,1,1,2,1,0,1,1,0,0,1,0,0,0,1
424,422,2,5,3,4,252,1,2,1,1,1,0,0,1,0,0,1,0,0,1,1
312,415,3,1,3,4,466,1,3,1,1,1,1,0,1,0,0,0,1,0,0,1
124,214,5,3,2,4,125,3,1,1,1,1,1,0,1,0,1,0,0,0,1,2
436,435,1,4,3,4,337,3,2,1,2,1,1,0,1,0,0,1,0,0,1,1
118,235,1,4,2,1,125,3,1,1,1,1,0,0,0,0,0,1,0,0,1,1
436,457,4,5,3,2,338,3,2,1,2,1,0,1,1,0,0,1,0,0,0,1
218,239,1,1,2,4,367,3,1,1,2,1,0,0,1,0,0,1,0,0,1,1
239,449,1,4,3,2,125,3,2,1,1,1,0,0,0,0,0,1,0,0,1,2
424,419,4,5,3,4,160,3,1,1,2,1,1,0,1,0,0,1,0,0,1,1
212,014,1,3,3,2,131,3,1,1,2,1,0,0,1,0,0,1,0,1,0,1
212,2,8,2,2,2,2,223,1,1,1,1,1,1,0,1,0,0,1,0,1,0,2
220,265,5,1,1,4,160,3,1,1,2,1,0,1,1,0,0,1,0,0,0,1
218,219,4,3,3,2,235,3,1,1,2,1,0,0,1,0,0,1,0,1,0,1
422,227,3,5,3,4,340,3,1,1,1,1,0,0,1,0,0,1,0,0,1,1
448,428,5,5,3,3,338,3,2,2,2,1,0,1,1,0,0,1,0,0,1,1
248,362,1,5,3,4,450,3,1,1,1,1,0,0,1,0,0,0,0,0,1,2
140,460,1,3,3,3,427,1,1,1,2,1,0,0,1,0,0,1,0,0,1,2
221,212,1,5,2,4,239,3,1,2,1,1,0,0,1,0,0,1,0,0,1,2
424,263,5,5,3,4,341,3,1,2,2,1,0,1,1,0,0,1,0,0,0,1
4,6,412,5,3,4,2,227,3,2,1,1,1,0,0,1,0,0,1,0,0,1,1
324,229,1,5,1,4,451,3,1,1,1,1,0,0,1,0,0,0,0,0,1,1
424,231,3,5,3,3,432,3,1,1,2,1,0,0,1,0,1,0,0,0,1,1
4,9,223,2,2,2,4,222,3,1,1,1,1,0,0,1,0,1,0,0,0,1,1
118,275,5,5,3,4,251,3,1,2,2,1,0,1,1,0,0,0,0,0,1,2
412,413,1,2,2,4,222,3,2,1,1,1,0,0,1,0,1,0,0,1,0,1
424,3,7,5,5,4,4,354,3,2,1,2,1,1,0,1,0,0,1,0,0,1,1
2,9,215,5,2,3,2,135,3,1,1,1,1,1,0,1,0,0,1,1,0,0,1
424,416,1,5,3,4,454,3,2,2,1,1,0,0,1,0,0,0,0,0,1,1
218,418,1,5,2,4,148,1,2,1,2,1,0,0,0,0,1,0,0,1,0,1
120,443,1,5,2,4,224,3,2,1,1,1,0,0,1,0,0,1,0,0,1,1
412,410,5,5,3,4,335,3,2,1,1,1,0,0,1,0,0,1,0,0,1,1
212,275,5,1,2,2,124,3,1,1,1,1,1,0,1,0,1,0,1,0,0,1
136,293,1,4,3,1,324,3,1,1,2,1,1,0,1,0,0,1,0,0,1,2
2,6,2,6,1,2,4,3,126,3,1,1,1,2,0,0,1,0,0,1,0,1,0,1
412,4,9,5,5,3,4,165,3,4,1,1,1,0,0,1,0,0,1,0,0,1,1
242,193,1,1,3,2,455,1,1,1,2,1,0,1,1,0,0,0,0,0,0,1
215,018,1,2,2,1,126,3,2,1,1,1,1,0,1,0,1,0,1,0,0,2
2,8,2,9,1,2,4,2,126,3,1,1,2,1,0,0,1,0,0,1,0,0,1,1
2,6,2,5,1,4,4,3,128,1,1,1,1,1,0,0,0,0,0,1,0,1,0,1
136,496,1,4,3,4,324,3,2,1,2,1,0,1,1,0,0,1,0,0,1,2
148,231,1,3,3,4,354,3,1,1,1,1,0,0,1,0,0,1,0,0,1,2
148,239,1,4,3,4,446,3,1,2,1,1,1,0,1,0,0,0,0,0,1,2
236,374,1,3,2,2,254,3,1,1,1,1,1,0,1,0,1,0,0,0,1,1
4,6,213,3,3,1,4,162,3,1,1,1,1,0,0,1,0,0,1,0,0,1,1
4,6,416,1,4,2,2,324,3,2,1,2,1,0,0,1,0,1,0,0,0,1,1
136,2,159,1,1,1,3,343,3,1,1,1,1,0,0,0,1,0,1,0,0,0,1
118,213,1,3,4,3,126,1,1,1,1,1,0,0,1,0,0,1,0,0,1,2
412,211,1,3,4,2,127,3,2,1,2,1,1,0,1,0,0,1,0,0,1,1
312,230,1,3,4,1,324,3,1,1,1,1,0,0,1,0,0,1,0,0,1,1
136,227,1,5,3,2,241,1,1,2,1,1,0,0,1,0,0,1,0,0,1,2
1,8,4,7,1,5,3,4,147,3,2,1,1,1,1,0,1,0,0,1,0,1,0,1
418,438,1,2,1,2,335,3,2,1,2,1,0,0,1,0,0,1,0,0,0,1
121,416,1,5,4,3,330,3,2,1,2,1,1,0,1,0,0,1,0,0,1,1
118,440,1,5,2,4,133,1,3,1,2,1,1,0,1,0,1,0,0,0,1,2
418,042,1,3,3,2,336,2,2,2,1,1,0,0,1,0,0,1,0,0,1,2
136,283,5,5,3,4,447,3,1,1,1,1,0,1,1,0,0,0,0,0,1,2
248,367,5,3,3,4,438,3,1,2,2,1,0,0,1,0,0,0,0,0,1,1
424,324,3,3,3,2,344,3,2,2,2,1,0,0,1,0,0,1,0,0,1,1
118,212,1,2,2,3,323,3,1,1,2,1,1,0,1,0,1,0,0,0,1,2
145,0,118,1,5,3,4,329,3,2,1,1,1,0,0,1,0,1,0,0,0,1,2
224,251,5,5,2,4,342,3,1,1,2,1,0,0,1,0,0,1,0,0,1,1
315,223,1,2,2,3,125,3,1,1,1,1,0,0,1,0,0,1,0,1,0,2
112,011,1,3,3,4,348,1,2,1,1,1,1,0,1,0,0,1,0,0,1,2
412,2,9,5,3,2,2,321,3,1,1,1,1,0,0,1,0,0,1,0,0,1,1
4,4,2,6,1,2,2,3,123,3,1,2,1,1,0,0,1,0,1,0,0,1,0,1
124,430,1,5,3,4,263,3,2,1,2,1,0,1,1,0,0,1,0,0,1,1
424,426,1,5,4,3,146,3,2,1,1,1,0,0,0,1,0,1,0,0,1,1
136,252,1,4,3,2,229,3,1,1,1,1,0,0,1,0,0,1,0,0,1,2
421,330,1,3,3,2,128,2,2,1,1,1,0,1,1,0,0,1,0,1,0,1
418,219,1,2,2,4,123,3,1,1,1,1,0,0,1,0,0,1,0,0,1,2
424,116,1,4,3,4,350,1,1,1,2,1,0,0,1,0,0,1,0,0,1,1
418,234,1,5,3,4,247,1,3,2,2,1,0,0,1,0,0,1,0,0,1,1
221,240,5,4,3,3,335,3,1,1,2,1,0,0,1,0,0,1,0,0,1,1
418,268,5,3,3,4,368,3,2,1,1,1,1,0,1,0,1,0,0,0,1,2
424,212,1,2,4,2,128,3,1,1,1,1,1,0,1,0,0,1,0,0,1,1
1,9,214,1,4,3,4,159,3,1,1,1,1,0,0,1,0,0,1,0,0,1,1
112,2,7,1,5,3,4,157,2,1,1,1,1,0,0,1,0,0,1,0,1,0,2
120,422,1,3,4,2,233,1,2,1,1,2,1,0,0,0,1,0,0,0,1,2
424,440,5,4,3,4,243,3,2,1,2,1,0,1,1,0,0,1,0,0,1,1
415,415,1,3,3,4,435,3,2,1,2,1,0,0,1,0,0,0,0,0,1,1
118,114,1,4,3,4,432,3,2,2,1,1,1,0,1,0,0,0,0,1,0,2
436,3,109,1,5,3,2,345,3,2,2,2,1,1,0,1,0,0,1,0,0,1,1
424,215,2,2,4,3,133,3,1,1,2,1,1,0,1,0,0,1,0,0,1,1
410,2,9,5,4,2,3,240,3,1,1,2,1,0,0,1,0,0,1,0,0,1,1
415,433,1,3,3,2,428,3,1,1,2,1,0,0,1,0,0,0,0,0,1,1
115,240,1,3,2,2,229,3,1,1,2,1,1,0,1,0,0,1,0,0,1,2
4,9,236,2,3,3,2,126,3,1,2,1,2,1,0,0,0,1,0,0,0,1,1
424,458,4,3,3,2,127,3,2,1,1,1,0,1,1,0,0,1,0,0,1,1
418,322,1,3,4,2,328,3,1,1,2,1,0,0,1,0,0,1,0,0,1,2
124,224,1,2,2,4,135,3,1,1,2,1,0,0,1,0,0,1,0,0,1,2
427,445,4,2,3,2,132,2,2,2,2,1,0,0,1,0,0,1,0,1,0,1
410,222,1,3,3,2,125,1,1,1,1,1,0,0,1,0,1,0,0,1,0,2
415,222,3,3,2,4,320,3,1,1,1,1,0,0,1,0,1,0,0,0,1,1
118,224,1,2,2,1,327,2,1,1,1,1,0,0,1,0,0,1,0,0,1,1
412,433,1,5,3,4,242,2,1,1,1,1,0,0,1,0,0,1,0,0,1,1
436,274,5,5,3,2,237,3,2,1,1,1,0,0,1,0,0,1,0,0,1,1
112,2,7,1,5,2,4,224,3,1,1,1,1,0,0,1,0,1,0,0,0,1,1
436,377,3,4,2,4,340,3,2,1,2,1,0,0,1,0,0,1,0,0,1,1
3,6,413,1,5,3,4,146,3,2,2,1,2,1,0,1,0,0,1,0,0,1,1
124,414,2,4,3,1,126,3,2,1,2,1,0,0,1,0,0,1,0,0,1,1
415,2,9,5,2,2,1,124,3,1,1,1,1,0,0,1,0,0,1,0,0,1,1
112,236,1,3,3,2,229,3,1,2,1,1,0,0,0,1,0,1,0,1,0,1
211,413,4,3,2,4,340,3,2,1,1,1,1,0,1,0,0,1,0,0,1,1
118,119,1,2,3,4,436,1,1,1,2,1,0,0,0,1,0,0,0,0,0,1
436,236,1,5,3,2,328,3,1,1,1,1,0,0,1,0,0,1,0,0,1,1
1,9,214,1,2,3,2,427,3,1,1,2,1,1,0,1,0,0,0,0,0,0,2
430,467,5,4,3,3,236,3,2,1,1,1,0,0,1,0,0,1,0,0,1,1
424,278,1,4,3,3,338,3,1,1,2,1,0,1,1,0,0,1,0,0,0,1
424,293,5,3,1,4,448,3,1,1,2,1,0,1,1,0,0,0,0,0,1,1
230,422,5,5,3,4,136,3,2,1,1,1,1,0,1,0,0,1,0,0,1,1
418,411,1,1,2,4,365,3,2,1,1,1,0,0,1,0,0,1,1,0,0,1
224,241,1,4,1,3,343,3,1,1,2,1,0,0,1,0,0,1,0,0,1,2
112,2,8,1,2,2,4,253,3,1,1,1,1,0,0,1,0,0,1,0,0,1,2
224,428,5,4,3,3,434,3,2,2,2,1,0,0,1,0,0,1,0,0,1,1
248,2,157,1,3,3,2,323,3,1,1,2,1,0,0,1,0,0,1,0,0,1,2
436,466,1,5,3,4,334,3,2,1,2,1,1,0,1,0,0,1,0,0,0,1
428,178,5,2,3,4,140,1,2,2,2,1,0,1,0,0,1,0,0,0,1,1
127,424,1,5,3,4,343,2,4,2,2,1,0,0,1,0,0,1,0,0,0,1
415,418,1,5,3,4,346,3,2,1,2,1,0,0,1,0,0,1,0,0,1,1
112,422,1,3,3,4,238,1,2,1,1,2,1,0,1,0,0,1,0,1,0,1
236,458,1,3,3,4,334,3,2,1,2,1,0,1,1,0,0,1,0,0,1,1
418,412,5,3,3,3,229,3,2,1,2,1,0,0,1,0,0,1,0,0,1,1
436,389,5,4,3,2,331,2,1,2,2,1,0,1,1,0,0,1,0,0,0,1
121,226,1,2,2,4,228,3,1,1,2,1,0,0,1,0,1,0,0,0,0,1
412,416,4,4,2,2,235,3,1,1,1,2,0,0,1,0,0,1,0,0,1,1
415,222,5,4,2,4,133,1,1,1,1,1,0,0,1,0,1,0,0,1,0,1
118,242,1,3,3,3,342,3,1,1,1,1,0,0,0,1,0,1,0,0,1,2
116,426,1,5,3,4,243,1,1,1,2,1,1,0,0,0,1,0,0,0,1,2
420,435,5,2,1,4,144,3,2,1,2,1,1,0,1,0,0,1,0,0,1,1
436,4,105,5,5,3,4,442,3,2,1,1,1,0,1,1,0,0,0,0,0,1,1
415,214,5,3,4,2,140,3,1,1,2,1,0,0,1,0,1,0,0,0,1,1
424,213,1,5,3,1,136,3,1,1,2,1,0,0,1,0,0,1,0,0,0,1
112,211,1,3,3,2,120,3,1,2,2,1,0,0,1,0,1,0,0,0,0,1
121,238,5,4,3,2,124,3,1,1,1,2,1,0,0,1,0,1,0,1,0,1
236,237,5,3,4,2,327,3,1,1,1,1,0,0,1,0,0,1,0,0,1,1
415,336,1,2,2,2,246,3,2,1,1,1,0,1,1,0,0,1,0,1,0,1
2,9,232,5,3,2,2,133,3,1,1,1,1,1,0,1,0,0,1,0,1,0,1
436,345,1,3,2,4,134,3,2,1,1,1,0,0,1,0,0,1,0,0,1,1
224,447,1,2,2,4,325,1,1,1,1,1,0,0,1,0,0,1,0,1,0,2
230,230,5,5,2,4,325,3,1,1,1,1,0,0,1,0,0,1,0,0,1,1
411,221,4,5,1,2,128,3,1,1,2,1,0,0,1,0,0,1,0,0,1,1
124,132,1,3,3,2,231,3,1,1,2,1,0,0,1,0,1,0,0,0,1,2
248,0,184,1,3,2,2,232,1,1,1,2,2,0,0,1,0,0,1,0,0,0,2
410,228,2,3,3,2,132,3,1,2,1,1,0,1,0,1,0,1,0,0,1,1
1,6,2,149,1,5,3,4,468,1,1,1,2,1,1,0,1,0,0,1,0,0,0,2
124,224,2,1,1,1,233,3,1,1,1,1,0,0,1,0,0,1,0,0,1,2
124,233,1,5,3,2,239,3,1,1,2,1,0,0,1,0,1,0,0,0,0,2
418,418,1,3,2,2,428,3,2,1,1,1,0,0,1,0,0,1,0,0,1,1
448,3,127,3,4,3,1,337,3,1,1,2,1,0,0,1,0,0,1,0,0,0,1
1,9,214,1,2,2,4,222,3,1,1,1,1,0,0,1,0,1,0,0,0,1,2
212,220,1,4,3,4,230,3,1,2,2,1,1,0,1,0,1,0,0,0,1,1
124,169,1,2,1,1,255,1,1,1,2,1,0,0,1,0,0,1,0,0,1,2
112,1,7,1,2,3,2,346,1,2,1,2,1,1,0,1,0,0,1,0,0,1,2
118,410,1,2,2,4,221,3,1,1,1,1,0,0,1,0,1,0,0,0,1,1
148,2,103,1,4,3,4,439,2,3,2,2,1,0,1,1,0,0,0,0,0,1,2
430,219,5,5,3,4,358,3,1,1,2,1,0,0,1,0,0,1,0,0,1,1
112,313,1,3,3,2,143,3,2,2,1,1,1,0,1,0,0,1,0,1,0,1
124,217,1,2,3,1,224,3,1,1,1,2,0,0,0,1,0,1,0,1,0,1
2,9,217,1,2,2,2,322,3,1,1,2,1,0,0,1,0,0,1,0,0,1,2
4,9,412,1,3,3,1,130,3,2,1,1,1,1,0,1,0,0,1,0,0,1,1
412,4,5,3,5,3,4,242,3,2,2,2,1,0,0,1,0,0,1,0,0,1,1
112,215,1,3,2,1,323,1,1,1,1,1,0,0,1,0,0,1,0,0,1,1
230,319,2,2,3,3,430,2,2,1,1,1,0,0,1,0,0,1,0,0,0,2
3,9,2,7,1,3,2,2,128,3,1,1,1,1,0,0,1,0,0,1,0,1,0,2
2,6,221,1,2,4,3,330,3,1,1,2,1,0,0,1,0,1,0,0,0,0,1
260,263,1,3,3,4,442,3,1,1,1,1,0,0,1,0,0,0,0,0,1,2
424,468,5,3,3,4,246,3,2,2,2,1,0,1,1,0,0,1,0,0,0,1
412,235,5,2,3,3,245,3,1,2,2,1,1,0,1,0,0,1,0,0,0,1
410,215,1,3,3,2,131,3,1,2,1,2,1,0,1,0,0,1,0,1,0,1
424,2,9,5,4,3,2,331,2,1,1,2,1,0,0,1,0,0,1,0,0,1,1
4,4,415,1,4,3,1,142,3,3,2,1,1,1,0,1,0,0,1,0,1,0,1
115,218,1,2,2,1,246,3,1,1,1,1,0,0,0,0,1,0,0,0,1,1
248,084,3,2,2,1,330,3,2,1,1,1,1,0,1,0,0,1,0,0,1,1
124,133,3,2,3,4,430,3,1,2,2,1,0,0,1,0,0,0,0,0,1,2
412,229,5,1,3,4,438,3,1,1,2,1,1,0,1,0,0,1,0,0,0,1
418,215,1,2,4,1,243,3,1,2,1,1,0,0,0,1,0,1,0,1,0,2
424,236,2,5,3,4,331,3,2,1,1,1,0,0,1,0,0,1,0,0,1,2
218,436,1,1,4,3,340,3,3,2,2,1,0,0,1,0,0,1,1,0,0,1
136,321,1,4,3,1,324,3,2,1,2,1,0,0,1,0,0,1,0,0,1,2
224,241,3,2,2,4,328,3,1,1,1,1,0,1,1,0,1,0,0,0,1,2
436,2,110,1,1,2,2,326,3,2,1,2,1,0,0,1,0,0,1,0,0,0,2
112,219,1,3,2,4,229,3,1,1,2,1,1,0,0,0,0,1,0,0,1,1
124,412,4,5,2,4,257,3,2,1,2,1,0,0,1,0,1,0,0,0,0,1
330,437,5,5,3,4,249,2,2,1,1,1,0,0,1,0,0,1,0,1,0,1
2,9,412,1,5,3,4,137,3,3,1,1,1,0,0,1,0,0,1,0,1,0,1
128,240,1,3,3,2,345,3,1,1,1,1,1,0,1,0,0,1,0,1,0,2
224,231,2,5,3,4,430,3,1,1,1,1,0,0,1,0,0,0,0,0,1,1
4,6,417,1,5,4,2,130,3,2,1,1,1,0,0,1,0,1,0,0,0,1,1
221,324,1,3,1,4,247,3,2,1,1,1,1,0,1,0,0,1,0,0,1,1
415,236,5,3,3,2,429,3,1,1,1,1,1,0,1,0,0,1,0,0,1,1
424,224,3,5,3,2,335,1,2,1,2,1,0,0,1,0,0,1,0,0,1,2
2,6,2,5,1,2,4,1,222,3,1,1,1,1,0,0,1,0,0,1,0,1,0,1
230,217,5,3,2,1,326,3,1,1,1,1,0,0,1,0,0,1,0,0,1,1
227,425,3,3,3,2,223,3,2,1,1,1,0,0,1,0,0,1,0,1,0,2
415,236,1,5,2,2,354,1,1,1,2,1,0,0,1,0,1,0,0,0,0,1
442,272,5,4,4,4,229,3,1,1,2,1,0,0,1,0,1,0,0,0,1,1
111,439,1,3,3,2,140,3,2,2,1,1,1,0,1,0,0,1,0,1,0,1
215,215,2,3,3,2,122,3,1,1,1,1,0,0,0,0,0,1,0,0,1,1
424,274,1,3,3,4,243,3,1,2,1,1,1,0,1,0,0,1,0,1,0,1
124,112,1,1,2,4,429,3,2,1,1,1,1,0,0,1,1,0,1,0,0,2
160,273,1,5,3,4,436,3,1,1,1,1,0,0,0,1,1,0,0,0,1,2
430,428,1,3,2,2,333,3,1,1,2,1,0,0,1,0,0,1,0,0,1,1
324,213,3,3,2,3,357,3,1,1,1,1,0,0,1,0,0,1,0,1,0,1
2,6,2,8,1,3,2,3,164,3,1,1,1,1,0,0,0,0,0,1,0,0,1,1
218,324,5,5,3,2,242,3,2,1,1,1,0,0,1,0,0,1,0,0,1,1
424,325,1,5,3,4,347,3,2,2,1,1,1,0,1,0,0,1,0,1,0,2
215,113,2,3,4,2,225,3,1,1,1,1,1,0,1,0,1,0,0,0,1,2
230,484,1,4,3,2,249,3,1,1,1,1,0,0,1,0,0,1,0,0,1,2
448,248,1,1,3,2,333,1,1,1,2,1,0,0,1,0,1,0,0,0,0,2
321,229,2,3,2,1,328,1,1,1,2,1,1,0,1,0,0,1,0,0,0,1
136,282,1,3,3,2,226,3,1,2,1,1,0,1,1,0,0,1,0,0,1,2
424,420,1,4,3,2,230,3,2,1,1,1,0,0,1,0,0,1,0,1,0,1
115,414,1,3,2,3,225,3,2,1,1,1,0,0,1,0,1,0,0,0,1,1
342,063,1,2,1,1,233,3,2,1,1,1,0,0,1,0,0,1,0,0,1,1
413,214,2,1,2,4,164,3,1,1,1,1,0,0,1,0,0,1,0,0,1,1
124,266,1,1,3,2,429,3,1,1,2,1,0,1,1,0,0,0,0,0,0,1
224,417,1,5,3,2,248,3,2,1,1,1,0,0,1,0,0,1,0,1,0,1
412,436,5,2,3,1,237,3,2,2,1,1,0,0,1,0,0,1,0,1,0,1
415,116,2,5,3,4,334,1,1,2,1,1,0,0,1,0,0,1,0,1,0,1
118,219,5,4,4,4,323,3,2,1,1,1,0,0,1,0,1,0,0,1,0,1
136,240,1,1,3,3,230,3,1,1,2,1,0,0,1,0,0,1,0,0,0,1
412,224,5,5,3,3,350,3,1,1,2,1,1,0,1,0,0,1,0,0,1,1
412,217,1,4,2,4,131,3,1,1,1,1,0,0,1,0,0,1,0,1,0,1
130,239,1,3,1,4,240,3,1,1,2,1,0,1,1,0,0,1,0,0,0,1
412,2,8,1,5,3,4,338,3,1,1,1,1,0,0,1,0,0,1,0,0,1,1
145,218,1,3,3,4,423,3,1,1,2,1,0,0,1,0,0,0,0,0,1,2
245,446,2,1,3,4,327,3,1,1,1,1,0,1,1,0,0,1,0,0,1,1
